/opt/anaconda3/lib/python3.12/site-packages/django/db/backends/utils.py:98: RuntimeWarning: Accessing the database during app initialization is discouraged. To fix this warning, avoid executing queries in AppConfig.ready() or when your app modules are imported.
  warnings.warn(self.APPS_NOT_READY_WARNING_MSG, category=RuntimeWarning)
[nltk_data] Downloading package vader_lexicon to
[nltk_data]     /Users/ckiefer/nltk_data...
[nltk_data]   Package vader_lexicon is already up-to-date!
 
 -------------- celery@Cashs-Nuclear-Launch-Codes.local v5.5.2 (immunity)
--- ***** ----- 
-- ******* ---- macOS-15.4.1-arm64-arm-64bit 2025-05-03 00:31:00
- *** --- * --- 
- ** ---------- [config]
- ** ---------- .> app:         stockscanner_django:0x10342c350
- ** ---------- .> transport:   redis://localhost:6379/0
- ** ---------- .> results:     disabled://
- *** --- * --- .> concurrency: 8 (prefork)
-- ******* ---- .> task events: OFF (enable -E to monitor tasks in this worker)
--- ***** ----- 
 -------------- [queues]
                .> celery           exchange=celery(direct) key=celery
                

[tasks]
  . emails.tasks.send_personalized_email
  . news.tasks.update_news_feed
  . stocks.tasks.run_stock_import

[2025-05-03 00:31:01,199: INFO/MainProcess] Connected to redis://localhost:6379/0
[2025-05-03 00:31:01,202: INFO/MainProcess] mingle: searching for neighbors
[2025-05-03 00:31:02,217: INFO/MainProcess] mingle: all alone
[2025-05-03 00:31:02,240: INFO/MainProcess] celery@Cashs-Nuclear-Launch-Codes.local ready.
[2025-05-03 00:31:05,101: INFO/MainProcess] Task stocks.tasks.run_stock_import[ce979a15-4447-4d9e-86ac-339335093752] received
[2025-05-03 00:31:05,164: WARNING/ForkPoolWorker-7] 🔍 Processing 3731 tickers...
[2025-05-03 00:31:09,376: WARNING/ForkPoolWorker-7] ✅ Saved AACBU
[2025-05-03 00:31:09,381: WARNING/ForkPoolWorker-7] ✅ Saved AAOI
[2025-05-03 00:31:09,400: WARNING/ForkPoolWorker-7] ✅ Saved AAME
[2025-05-03 00:31:09,432: WARNING/ForkPoolWorker-7] ❌ Error processing AACG: database is locked
[2025-05-03 00:31:09,433: WARNING/ForkPoolWorker-7] ✅ Saved AAL
[2025-05-03 00:31:15,272: WARNING/ForkPoolWorker-7] ❌ Error processing AAPL: database is locked
[2025-05-03 00:31:15,278: WARNING/ForkPoolWorker-7] ✅ Saved AAPG
[2025-05-03 00:31:15,681: WARNING/ForkPoolWorker-7] ✅ Saved AAON
[2025-05-03 00:31:16,043: WARNING/ForkPoolWorker-7] ✅ Saved AAPD
[2025-05-03 00:31:16,742: WARNING/ForkPoolWorker-7] ✅ Saved AAPU
[2025-05-03 00:31:17,951: WARNING/ForkPoolWorker-7] ✅ Saved AARD
[2025-05-03 00:31:18,761: WARNING/ForkPoolWorker-7] ✅ Saved ABAT
[2025-05-03 00:31:18,818: WARNING/ForkPoolWorker-7] ✅ Saved ABEO
[2025-05-03 00:31:18,855: WARNING/ForkPoolWorker-7] ✅ Saved ABCL
[2025-05-03 00:31:19,287: WARNING/ForkPoolWorker-7] ✅ Saved ABL
[2025-05-03 00:31:20,470: WARNING/ForkPoolWorker-7] ✅ Saved ABLLL
[2025-05-03 00:31:21,117: WARNING/ForkPoolWorker-7] ✅ Saved ABOS
[2025-05-03 00:31:21,144: WARNING/ForkPoolWorker-7] ✅ Saved ABLV
[2025-05-03 00:31:22,323: WARNING/ForkPoolWorker-7] ✅ Saved ABNB
[2025-05-03 00:31:22,366: WARNING/ForkPoolWorker-7] ✅ Saved ABP
[2025-05-03 00:31:23,417: WARNING/ForkPoolWorker-7] ✅ Saved ABSI
[2025-05-03 00:31:23,873: WARNING/ForkPoolWorker-7] ✅ Saved ABTS
[2025-05-03 00:31:24,758: WARNING/ForkPoolWorker-7] ✅ Saved ABUS
[2025-05-03 00:31:25,233: WARNING/ForkPoolWorker-7] ✅ Saved ABVC
[2025-05-03 00:31:25,392: WARNING/ForkPoolWorker-7] ✅ Saved ABVE
[2025-05-03 00:31:26,056: WARNING/ForkPoolWorker-7] ✅ Saved ACAD
[2025-05-03 00:31:26,150: WARNING/ForkPoolWorker-7] ✅ Saved ABVX
[2025-05-03 00:31:26,976: WARNING/ForkPoolWorker-7] ✅ Saved ACB
[2025-05-03 00:31:27,725: ERROR/ForkPoolWorker-7] $ACCD: possibly delisted; no price data found  (period=5d)
[2025-05-03 00:31:27,738: WARNING/ForkPoolWorker-7] ✅ Saved ACCD
[2025-05-03 00:31:28,262: WARNING/ForkPoolWorker-7] ✅ Saved ACDC
[2025-05-03 00:31:28,495: WARNING/ForkPoolWorker-7] ✅ Saved ACGL
[2025-05-03 00:31:29,350: WARNING/ForkPoolWorker-7] ✅ Saved ACHC
[2025-05-03 00:31:29,353: WARNING/ForkPoolWorker-7] ✅ Saved ACET
[2025-05-03 00:31:31,113: WARNING/ForkPoolWorker-7] ✅ Saved ACHV
[2025-05-03 00:31:31,125: WARNING/ForkPoolWorker-7] ✅ Saved ACIU
[2025-05-03 00:31:31,835: WARNING/ForkPoolWorker-7] ✅ Saved ACIC
[2025-05-03 00:31:32,507: WARNING/ForkPoolWorker-7] ✅ Saved ACLS
[2025-05-03 00:31:32,752: WARNING/ForkPoolWorker-7] ✅ Saved ACIW
[2025-05-03 00:31:33,654: WARNING/ForkPoolWorker-7] ✅ Saved ACMR
[2025-05-03 00:31:34,635: WARNING/ForkPoolWorker-7] ✅ Saved ACLX
[2025-05-03 00:31:34,951: WARNING/ForkPoolWorker-7] ✅ Saved ACNB
[2025-05-03 00:31:35,238: WARNING/ForkPoolWorker-7] ✅ Saved ACNT
[2025-05-03 00:31:35,794: WARNING/ForkPoolWorker-7] ✅ Saved ACOG
[2025-05-03 00:31:37,113: WARNING/ForkPoolWorker-7] ✅ Saved ACON
[2025-05-03 00:31:37,427: WARNING/ForkPoolWorker-7] ✅ Saved ACRV
[2025-05-03 00:31:37,833: WARNING/ForkPoolWorker-7] ✅ Saved ACRS
[2025-05-03 00:31:38,049: WARNING/ForkPoolWorker-7] ✅ Saved ACTG
[2025-05-03 00:31:38,388: WARNING/ForkPoolWorker-7] ✅ Saved ACT
[2025-05-03 00:31:39,712: WARNING/ForkPoolWorker-7] ✅ Saved ACTU
[2025-05-03 00:31:40,846: WARNING/ForkPoolWorker-7] ✅ Saved ACXP
[2025-05-03 00:31:41,140: WARNING/ForkPoolWorker-7] ✅ Saved ADBE
[2025-05-03 00:31:41,257: WARNING/ForkPoolWorker-7] ✅ Saved ADAG
[2025-05-03 00:31:41,418: WARNING/ForkPoolWorker-7] ✅ Saved ADAP
[2025-05-03 00:31:42,380: WARNING/ForkPoolWorker-7] ✅ Saved ADD
[2025-05-03 00:31:43,158: WARNING/ForkPoolWorker-7] ✅ Saved ADEA
[2025-05-03 00:31:43,390: WARNING/ForkPoolWorker-7] ✅ Saved ADGM
[2025-05-03 00:31:43,942: WARNING/ForkPoolWorker-7] ✅ Saved ADI
[2025-05-03 00:31:44,776: WARNING/ForkPoolWorker-7] ✅ Saved ADIL
[2025-05-03 00:31:44,849: WARNING/ForkPoolWorker-7] ✅ Saved ADMA
[2025-05-03 00:31:45,888: WARNING/ForkPoolWorker-7] ✅ Saved ADP
[2025-05-03 00:31:46,305: WARNING/ForkPoolWorker-7] ✅ Saved ADN
[2025-05-03 00:31:47,312: WARNING/ForkPoolWorker-7] ✅ Saved ADPT
[2025-05-03 00:31:47,686: WARNING/ForkPoolWorker-7] ✅ Saved ADSK
[2025-05-03 00:31:47,805: WARNING/ForkPoolWorker-7] ✅ Saved ADSE
[2025-05-03 00:31:49,460: WARNING/ForkPoolWorker-7] ✅ Saved ADTN
[2025-05-03 00:31:49,476: WARNING/ForkPoolWorker-7] ✅ Saved ADTX
[2025-05-03 00:31:50,039: WARNING/ForkPoolWorker-7] ✅ Saved ADUR
[2025-05-03 00:31:50,741: WARNING/ForkPoolWorker-7] ✅ Saved ADUS
[2025-05-03 00:31:51,167: WARNING/ForkPoolWorker-7] ✅ Saved ADV
[2025-05-03 00:31:51,962: WARNING/ForkPoolWorker-7] ✅ Saved ADVB
[2025-05-03 00:31:52,646: WARNING/ForkPoolWorker-7] ✅ Saved ADXN
[2025-05-03 00:31:53,008: WARNING/ForkPoolWorker-7] ✅ Saved ADVM
[2025-05-03 00:31:53,865: WARNING/ForkPoolWorker-7] ✅ Saved AEHR
[2025-05-03 00:31:54,254: WARNING/ForkPoolWorker-7] ✅ Saved AEHL
[2025-05-03 00:31:54,995: WARNING/ForkPoolWorker-7] ✅ Saved AEI
[2025-05-03 00:31:55,706: WARNING/ForkPoolWorker-7] ✅ Saved AEIS
[2025-05-03 00:31:55,960: WARNING/ForkPoolWorker-7] ✅ Saved AEMD
[2025-05-03 00:31:57,247: WARNING/ForkPoolWorker-7] ✅ Saved AENT
[2025-05-03 00:31:57,750: WARNING/ForkPoolWorker-7] ✅ Saved AERT
[2025-05-03 00:31:57,844: WARNING/ForkPoolWorker-7] ✅ Saved AEP
[2025-05-03 00:31:58,291: WARNING/ForkPoolWorker-7] ✅ Saved AEVA
[2025-05-03 00:31:58,643: WARNING/ForkPoolWorker-7] ✅ Saved AEVAW
[2025-05-03 00:31:59,523: WARNING/ForkPoolWorker-7] ✅ Saved AEYE
[2025-05-03 00:32:00,543: WARNING/ForkPoolWorker-7] ✅ Saved AFJK
[2025-05-03 00:32:00,883: WARNING/ForkPoolWorker-7] ✅ Saved AFCG
[2025-05-03 00:32:00,901: WARNING/ForkPoolWorker-7] ✅ Saved AFBI
[2025-05-03 00:32:02,195: WARNING/ForkPoolWorker-7] ✅ Saved AFJKU
[2025-05-03 00:32:02,558: WARNING/ForkPoolWorker-7] ✅ Saved AFJKR
[2025-05-03 00:32:03,346: WARNING/ForkPoolWorker-7] ✅ Saved AFMD
[2025-05-03 00:32:03,817: WARNING/ForkPoolWorker-7] ✅ Saved AFRI
[2025-05-03 00:32:04,101: WARNING/ForkPoolWorker-7] ✅ Saved AFRM
[2025-05-03 00:32:05,792: WARNING/ForkPoolWorker-7] ❌ Error processing AGAE: database is locked
[2025-05-03 00:32:05,794: WARNING/ForkPoolWorker-7] ✅ Saved AFYA
[2025-05-03 00:32:06,356: WARNING/ForkPoolWorker-7] ✅ Saved AGEN
[2025-05-03 00:32:06,984: WARNING/ForkPoolWorker-7] ✅ Saved AGFY
[2025-05-03 00:32:07,610: WARNING/ForkPoolWorker-7] ✅ Saved AGH
[2025-05-03 00:32:08,035: WARNING/ForkPoolWorker-7] ✅ Saved AGIO
[2025-05-03 00:32:08,151: WARNING/ForkPoolWorker-7] ✅ Saved AGMH
[2025-05-03 00:32:08,735: WARNING/ForkPoolWorker-7] ✅ Saved AGNC
[2025-05-03 00:32:12,027: WARNING/ForkPoolWorker-7] ✅ Saved AHG
[2025-05-03 00:32:12,545: WARNING/ForkPoolWorker-7] ✅ Saved AHCO
[2025-05-03 00:32:12,611: WARNING/ForkPoolWorker-7] ❌ Error processing AGRI: database is locked
[2025-05-03 00:32:12,612: WARNING/ForkPoolWorker-7] ✅ Saved AGYS
[2025-05-03 00:32:12,779: WARNING/ForkPoolWorker-7] ✅ Saved AGZD
[2025-05-03 00:32:15,148: WARNING/ForkPoolWorker-7] ✅ Saved AIEV
[2025-05-03 00:32:15,163: WARNING/ForkPoolWorker-7] ✅ Saved AIFER
[2025-05-03 00:32:15,297: WARNING/ForkPoolWorker-7] ✅ Saved AIFF
[2025-05-03 00:32:15,626: WARNING/ForkPoolWorker-7] ✅ Saved AIFE
[2025-05-03 00:32:16,410: WARNING/ForkPoolWorker-7] ✅ Saved AIFEU
[2025-05-03 00:32:17,333: WARNING/ForkPoolWorker-7] ✅ Saved AIFU
[2025-05-03 00:32:17,881: WARNING/ForkPoolWorker-7] ✅ Saved AIHS
[2025-05-03 00:32:18,350: WARNING/ForkPoolWorker-7] ✅ Saved AIMAU
[2025-05-03 00:32:18,520: WARNING/ForkPoolWorker-7] ✅ Saved AIMBU
[2025-05-03 00:32:19,956: WARNING/ForkPoolWorker-7] ✅ Saved AIMDW
[2025-05-03 00:32:20,007: WARNING/ForkPoolWorker-7] ✅ Saved AIMD
[2025-05-03 00:32:20,529: WARNING/ForkPoolWorker-7] ✅ Saved AIOT
[2025-05-03 00:32:20,986: WARNING/ForkPoolWorker-7] ✅ Saved AIRE
[2025-05-03 00:32:21,785: WARNING/ForkPoolWorker-7] ✅ Saved AIP
[2025-05-03 00:32:22,119: WARNING/ForkPoolWorker-7] ✅ Saved AIRG
[2025-05-03 00:32:22,639: WARNING/ForkPoolWorker-7] ✅ Saved AIRJ
[2025-05-03 00:32:23,498: WARNING/ForkPoolWorker-7] ✅ Saved AIRS
[2025-05-03 00:32:24,238: WARNING/ForkPoolWorker-7] ✅ Saved AIRT
[2025-05-03 00:32:24,766: WARNING/ForkPoolWorker-7] ✅ Saved AISP
[2025-05-03 00:32:24,913: ERROR/ForkPoolWorker-7] $AITR: possibly delisted; no price data found  (period=5d)
[2025-05-03 00:32:24,930: WARNING/ForkPoolWorker-7] ✅ Saved AITR
[2025-05-03 00:32:25,738: WARNING/ForkPoolWorker-7] ✅ Saved AIRTP
[2025-05-03 00:32:27,233: WARNING/ForkPoolWorker-7] ✅ Saved AITRR
[2025-05-03 00:32:27,379: WARNING/ForkPoolWorker-7] ✅ Saved AITRU
[2025-05-03 00:32:27,560: WARNING/ForkPoolWorker-7] ✅ Saved AKAM
[2025-05-03 00:32:27,740: WARNING/ForkPoolWorker-7] ✅ Saved AIXI
[2025-05-03 00:32:28,515: WARNING/ForkPoolWorker-7] ✅ Saved AKAN
[2025-05-03 00:32:29,514: WARNING/ForkPoolWorker-7] ✅ Saved AKBA
[2025-05-03 00:32:30,170: WARNING/ForkPoolWorker-7] ✅ Saved AKTX
[2025-05-03 00:32:30,333: WARNING/ForkPoolWorker-7] ✅ Saved AKRO
[2025-05-03 00:32:30,944: WARNING/ForkPoolWorker-7] ✅ Saved AKYA
[2025-05-03 00:32:31,480: WARNING/ForkPoolWorker-7] ✅ Saved ALAB
[2025-05-03 00:32:32,368: WARNING/ForkPoolWorker-7] ✅ Saved ALBT
[2025-05-03 00:32:32,403: WARNING/ForkPoolWorker-7] ✅ Saved ALAR
[2025-05-03 00:32:32,983: WARNING/ForkPoolWorker-7] ✅ Saved ALCO
[2025-05-03 00:32:34,302: WARNING/ForkPoolWorker-7] ✅ Saved ALCYU
[2025-05-03 00:32:34,383: WARNING/ForkPoolWorker-7] ✅ Saved ALCY
[2025-05-03 00:32:34,962: WARNING/ForkPoolWorker-7] ✅ Saved ALDF
[2025-05-03 00:32:35,064: WARNING/ForkPoolWorker-7] ✅ Saved ALDFU
[2025-05-03 00:32:35,524: WARNING/ForkPoolWorker-7] ✅ Saved ALDX
[2025-05-03 00:32:36,727: WARNING/ForkPoolWorker-7] ✅ Saved ALEC
[2025-05-03 00:32:37,267: WARNING/ForkPoolWorker-7] ✅ Saved ALF
[2025-05-03 00:32:37,709: WARNING/ForkPoolWorker-7] ✅ Saved ALGM
[2025-05-03 00:32:38,447: WARNING/ForkPoolWorker-7] ✅ Saved ALFUU
[2025-05-03 00:32:38,901: WARNING/ForkPoolWorker-7] ✅ Saved ALGN
[2025-05-03 00:32:39,918: WARNING/ForkPoolWorker-7] ✅ Saved ALGT
[2025-05-03 00:32:40,080: WARNING/ForkPoolWorker-7] ✅ Saved ALGS
[2025-05-03 00:32:41,283: WARNING/ForkPoolWorker-7] ✅ Saved ALHC
[2025-05-03 00:32:41,782: WARNING/ForkPoolWorker-7] ✅ Saved ALKS
[2025-05-03 00:32:42,178: WARNING/ForkPoolWorker-7] ✅ Saved ALKT
[2025-05-03 00:32:42,239: WARNING/ForkPoolWorker-7] ✅ Saved ALLO
[2025-05-03 00:32:42,658: WARNING/ForkPoolWorker-7] ✅ Saved ALLK
[2025-05-03 00:32:43,671: WARNING/ForkPoolWorker-7] ✅ Saved ALLR
[2025-05-03 00:32:44,400: WARNING/ForkPoolWorker-7] ❌ Error processing ALMS: database is locked
[2025-05-03 00:32:44,401: WARNING/ForkPoolWorker-7] ✅ Saved ALLT
[2025-05-03 00:32:45,018: WARNING/ForkPoolWorker-7] ✅ Saved ALMU
[2025-05-03 00:32:45,822: WARNING/ForkPoolWorker-7] ✅ Saved ALNY
[2025-05-03 00:32:46,487: WARNING/ForkPoolWorker-7] ✅ Saved ALNT
[2025-05-03 00:32:46,661: WARNING/ForkPoolWorker-7] ✅ Saved ALRM
[2025-05-03 00:32:47,308: WARNING/ForkPoolWorker-7] ✅ Saved ALRS
[2025-05-03 00:32:47,378: WARNING/ForkPoolWorker-7] ✅ Saved ALOT
[2025-05-03 00:32:48,151: WARNING/ForkPoolWorker-7] ✅ Saved ALT
[2025-05-03 00:32:50,071: WARNING/ForkPoolWorker-7] ✅ Saved ALTI
[2025-05-03 00:32:50,202: WARNING/ForkPoolWorker-7] ✅ Saved ALTO
[2025-05-03 00:32:50,281: WARNING/ForkPoolWorker-7] ✅ Saved ALTS
[2025-05-03 00:32:50,474: WARNING/ForkPoolWorker-7] ✅ Saved ALVO
[2025-05-03 00:32:51,677: WARNING/ForkPoolWorker-7] ✅ Saved ALXO
[2025-05-03 00:32:52,544: WARNING/ForkPoolWorker-7] ✅ Saved AMAT
[2025-05-03 00:32:53,132: WARNING/ForkPoolWorker-7] ✅ Saved AMBA
[2025-05-03 00:32:53,309: WARNING/ForkPoolWorker-7] ✅ Saved AMAL
[2025-05-03 00:32:53,512: WARNING/ForkPoolWorker-7] ✅ Saved ALZN
[2025-05-03 00:32:54,721: WARNING/ForkPoolWorker-7] ✅ Saved AMBR
[2025-05-03 00:32:54,828: WARNING/ForkPoolWorker-7] ✅ Saved AMCX
[2025-05-03 00:32:55,983: WARNING/ForkPoolWorker-7] ✅ Saved AMED
[2025-05-03 00:32:55,984: WARNING/ForkPoolWorker-7] ✅ Saved AMD
[2025-05-03 00:32:56,351: WARNING/ForkPoolWorker-7] ✅ Saved AMDD
[2025-05-03 00:32:58,085: WARNING/ForkPoolWorker-7] ✅ Saved AMIX
[2025-05-03 00:32:58,206: WARNING/ForkPoolWorker-7] ✅ Saved AMLX
[2025-05-03 00:32:58,439: WARNING/ForkPoolWorker-7] ✅ Saved AMKR
[2025-05-03 00:32:58,620: WARNING/ForkPoolWorker-7] ✅ Saved AMGN
[2025-05-03 00:32:59,178: WARNING/ForkPoolWorker-7] ✅ Saved AMOD
[2025-05-03 00:33:00,915: WARNING/ForkPoolWorker-7] ❌ Error processing AMPH: database is locked
[2025-05-03 00:33:00,916: WARNING/ForkPoolWorker-7] ✅ Saved AMPL
[2025-05-03 00:33:01,545: WARNING/ForkPoolWorker-7] ✅ Saved AMPG
[2025-05-03 00:33:01,934: WARNING/ForkPoolWorker-7] ✅ Saved AMRK
[2025-05-03 00:33:02,569: WARNING/ForkPoolWorker-7] ✅ Saved AMRN
[2025-05-03 00:33:03,630: WARNING/ForkPoolWorker-7] ✅ Saved AMSC
[2025-05-03 00:33:04,385: WARNING/ForkPoolWorker-7] ✅ Saved AMRX
[2025-05-03 00:33:04,676: WARNING/ForkPoolWorker-7] ✅ Saved AMTX
[2025-05-03 00:33:04,983: WARNING/ForkPoolWorker-7] ✅ Saved AMSF
[2025-05-03 00:33:05,395: WARNING/ForkPoolWorker-7] ✅ Saved AMST
[2025-05-03 00:33:06,385: WARNING/ForkPoolWorker-7] ✅ Saved AMUU
[2025-05-03 00:33:07,451: WARNING/ForkPoolWorker-7] ✅ Saved AMWD
[2025-05-03 00:33:08,371: WARNING/ForkPoolWorker-7] ✅ Saved AMZD
[2025-05-03 00:33:08,439: WARNING/ForkPoolWorker-7] ✅ Saved AMZN
[2025-05-03 00:33:08,795: WARNING/ForkPoolWorker-7] ✅ Saved AMZU
[2025-05-03 00:33:09,202: WARNING/ForkPoolWorker-7] ✅ Saved ANAB
[2025-05-03 00:33:10,506: WARNING/ForkPoolWorker-7] ✅ Saved ANDE
[2025-05-03 00:33:11,099: WARNING/ForkPoolWorker-7] ✅ Saved ANEB
[2025-05-03 00:33:11,258: WARNING/ForkPoolWorker-7] ✅ Saved ANGH
[2025-05-03 00:33:11,373: WARNING/ForkPoolWorker-7] ✅ Saved ANGI
[2025-05-03 00:33:12,062: ERROR/ForkPoolWorker-7] $ANGIV: possibly delisted; no price data found  (period=5d)
[2025-05-03 00:33:12,079: WARNING/ForkPoolWorker-7] ✅ Saved ANGIV
[2025-05-03 00:33:13,462: WARNING/ForkPoolWorker-7] ✅ Saved ANIK
[2025-05-03 00:33:14,090: WARNING/ForkPoolWorker-7] ✅ Saved ANGO
[2025-05-03 00:33:14,240: WARNING/ForkPoolWorker-7] ✅ Saved ANL
[2025-05-03 00:33:14,369: WARNING/ForkPoolWorker-7] ✅ Saved ANIP
[2025-05-03 00:33:14,507: WARNING/ForkPoolWorker-7] ✅ Saved ANIX
[2025-05-03 00:33:16,758: WARNING/ForkPoolWorker-7] ✅ Saved ANSS
[2025-05-03 00:33:16,948: WARNING/ForkPoolWorker-7] ✅ Saved ANNX
[2025-05-03 00:33:17,040: WARNING/ForkPoolWorker-7] ✅ Saved ANNA
[2025-05-03 00:33:17,252: WARNING/ForkPoolWorker-7] ✅ Saved ANSC
[2025-05-03 00:33:17,994: WARNING/ForkPoolWorker-7] ✅ Saved ANSCU
[2025-05-03 00:33:19,136: WARNING/ForkPoolWorker-7] ✅ Saved ANTE
[2025-05-03 00:33:19,413: WARNING/ForkPoolWorker-7] ✅ Saved ANTX
[2025-05-03 00:33:19,536: WARNING/ForkPoolWorker-7] ✅ Saved AOSL
[2025-05-03 00:33:20,307: WARNING/ForkPoolWorker-7] ❌ Error processing ANY: database is locked
[2025-05-03 00:33:20,308: WARNING/ForkPoolWorker-7] ✅ Saved AOUT
[2025-05-03 00:33:22,040: WARNING/ForkPoolWorker-7] ✅ Saved APA
[2025-05-03 00:33:22,309: WARNING/ForkPoolWorker-7] ✅ Saved APDN
[2025-05-03 00:33:22,461: WARNING/ForkPoolWorker-7] ❌ Error processing APCX: database is locked
[2025-05-03 00:33:22,462: WARNING/ForkPoolWorker-7] ✅ Saved APGE
[2025-05-03 00:33:23,448: WARNING/ForkPoolWorker-7] ✅ Saved APEI
[2025-05-03 00:33:25,226: WARNING/ForkPoolWorker-7] ✅ Saved API
[2025-05-03 00:33:25,749: WARNING/ForkPoolWorker-7] ✅ Saved APLS
[2025-05-03 00:33:25,759: WARNING/ForkPoolWorker-7] ✅ Saved APLD
[2025-05-03 00:33:26,174: WARNING/ForkPoolWorker-7] ✅ Saved APLM
[2025-05-03 00:33:26,316: WARNING/ForkPoolWorker-7] ✅ Saved APLT
[2025-05-03 00:33:27,758: WARNING/ForkPoolWorker-7] ✅ Saved APM
[2025-05-03 00:33:28,147: WARNING/ForkPoolWorker-7] ✅ Saved APP
[2025-05-03 00:33:28,559: WARNING/ForkPoolWorker-7] ✅ Saved APOG
[2025-05-03 00:33:28,980: WARNING/ForkPoolWorker-7] ✅ Saved APPF
[2025-05-03 00:33:29,207: WARNING/ForkPoolWorker-7] ✅ Saved APPN
[2025-05-03 00:33:30,063: WARNING/ForkPoolWorker-7] ✅ Saved APPS
[2025-05-03 00:33:30,340: WARNING/ForkPoolWorker-7] ✅ Saved APRE
[2025-05-03 00:33:31,005: ERROR/ForkPoolWorker-7] $APTO: possibly delisted; no price data found  (period=5d)
[2025-05-03 00:33:31,031: WARNING/ForkPoolWorker-7] ✅ Saved APTO
[2025-05-03 00:33:31,596: WARNING/ForkPoolWorker-7] ✅ Saved APVO
[2025-05-03 00:33:32,317: WARNING/ForkPoolWorker-7] ✅ Saved APWC
[2025-05-03 00:33:32,990: WARNING/ForkPoolWorker-7] ✅ Saved APYX
[2025-05-03 00:33:33,478: WARNING/ForkPoolWorker-7] ✅ Saved AQMS
[2025-05-03 00:33:33,585: WARNING/ForkPoolWorker-7] ✅ Saved AQB
[2025-05-03 00:33:33,923: WARNING/ForkPoolWorker-7] ✅ Saved AQST
[2025-05-03 00:33:35,223: WARNING/ForkPoolWorker-7] ✅ Saved ARAY
[2025-05-03 00:33:35,826: WARNING/ForkPoolWorker-7] ✅ Saved ARBB
[2025-05-03 00:33:35,843: WARNING/ForkPoolWorker-7] ✅ Saved ARBK
[2025-05-03 00:33:36,548: WARNING/ForkPoolWorker-7] ✅ Saved ARBE
[2025-05-03 00:33:38,154: WARNING/ForkPoolWorker-7] ✅ Saved ARCC
[2025-05-03 00:33:38,320: WARNING/ForkPoolWorker-7] ✅ Saved ARBKL
[2025-05-03 00:33:38,623: WARNING/ForkPoolWorker-7] ✅ Saved ARCB
[2025-05-03 00:33:39,125: WARNING/ForkPoolWorker-7] ✅ Saved ARCT
[2025-05-03 00:33:40,037: WARNING/ForkPoolWorker-7] ✅ Saved ARDX
[2025-05-03 00:33:41,175: WARNING/ForkPoolWorker-7] ❌ Error processing AREBW: database is locked
[2025-05-03 00:33:41,176: WARNING/ForkPoolWorker-7] ✅ Saved AREB
[2025-05-03 00:33:41,239: WARNING/ForkPoolWorker-7] ✅ Saved AREC
[2025-05-03 00:33:42,617: WARNING/ForkPoolWorker-7] ✅ Saved ARGX
[2025-05-03 00:33:42,996: WARNING/ForkPoolWorker-7] ✅ Saved ARHS
[2025-05-03 00:33:44,078: WARNING/ForkPoolWorker-7] ✅ Saved ARKR
[2025-05-03 00:33:44,676: WARNING/ForkPoolWorker-7] ✅ Saved ARKO
[2025-05-03 00:33:44,815: WARNING/ForkPoolWorker-7] ✅ Saved ARLP
[2025-05-03 00:33:45,887: WARNING/ForkPoolWorker-7] ✅ Saved ARM
[2025-05-03 00:33:46,553: WARNING/ForkPoolWorker-7] ✅ Saved AROW
[2025-05-03 00:33:46,593: WARNING/ForkPoolWorker-7] ✅ Saved ARQ
[2025-05-03 00:33:46,953: WARNING/ForkPoolWorker-7] ✅ Saved ARQQ
[2025-05-03 00:33:47,994: WARNING/ForkPoolWorker-7] ✅ Saved ARQT
[2025-05-03 00:33:49,150: WARNING/ForkPoolWorker-7] ❌ Error processing ARRY: database is locked
[2025-05-03 00:33:49,152: WARNING/ForkPoolWorker-7] ✅ Saved ARTL
[2025-05-03 00:33:49,855: WARNING/ForkPoolWorker-7] ✅ Saved ARTNA
[2025-05-03 00:33:50,335: WARNING/ForkPoolWorker-7] ✅ Saved ARTV
[2025-05-03 00:33:50,370: WARNING/ForkPoolWorker-7] ✅ Saved ARTW
[2025-05-03 00:33:51,544: WARNING/ForkPoolWorker-7] ✅ Saved ARWR
[2025-05-03 00:33:52,152: WARNING/ForkPoolWorker-7] ✅ Saved ARVN
[2025-05-03 00:33:53,126: WARNING/ForkPoolWorker-7] ✅ Saved ASBP
[2025-05-03 00:33:53,420: WARNING/ForkPoolWorker-7] ✅ Saved ASLE
[2025-05-03 00:33:54,044: WARNING/ForkPoolWorker-7] ✅ Saved ASET
[2025-05-03 00:33:54,574: WARNING/ForkPoolWorker-7] ✅ Saved ASMB
[2025-05-03 00:33:55,007: WARNING/ForkPoolWorker-7] ✅ Saved ASML
[2025-05-03 00:33:55,487: WARNING/ForkPoolWorker-7] ✅ Saved ASND
[2025-05-03 00:33:56,204: WARNING/ForkPoolWorker-7] ✅ Saved ASNS
[2025-05-03 00:33:56,644: WARNING/ForkPoolWorker-7] ✅ Saved ASO
[2025-05-03 00:33:56,859: WARNING/ForkPoolWorker-7] ✅ Saved ASPC
[2025-05-03 00:33:58,734: WARNING/ForkPoolWorker-7] ✅ Saved ASPCR
[2025-05-03 00:33:59,180: WARNING/ForkPoolWorker-7] ✅ Saved ASPS
[2025-05-03 00:33:59,209: WARNING/ForkPoolWorker-7] ✅ Saved ASPCU
[2025-05-03 00:33:59,548: WARNING/ForkPoolWorker-7] ✅ Saved ASPI
[2025-05-03 00:34:00,494: WARNING/ForkPoolWorker-7] ✅ Saved ASRT
[2025-05-03 00:34:01,390: WARNING/ForkPoolWorker-7] ✅ Saved ASTC
[2025-05-03 00:34:01,651: WARNING/ForkPoolWorker-7] ✅ Saved ASST
[2025-05-03 00:34:02,380: WARNING/ForkPoolWorker-7] ✅ Saved ASRV
[2025-05-03 00:34:03,119: WARNING/ForkPoolWorker-7] ✅ Saved ASTE
[2025-05-03 00:34:03,660: WARNING/ForkPoolWorker-7] ✅ Saved ASTH
[2025-05-03 00:34:04,751: WARNING/ForkPoolWorker-7] ✅ Saved ASTI
[2025-05-03 00:34:04,889: WARNING/ForkPoolWorker-7] ✅ Saved ASTL
[2025-05-03 00:34:05,095: WARNING/ForkPoolWorker-7] ✅ Saved ASTS
[2025-05-03 00:34:05,778: WARNING/ForkPoolWorker-7] ✅ Saved ASUR
[2025-05-03 00:34:06,038: WARNING/ForkPoolWorker-7] ✅ Saved ASYS
[2025-05-03 00:34:07,087: WARNING/ForkPoolWorker-7] ✅ Saved ATAT
[2025-05-03 00:34:07,344: WARNING/ForkPoolWorker-7] ✅ Saved ATAI
[2025-05-03 00:34:08,324: WARNING/ForkPoolWorker-7] ✅ Saved ATER
[2025-05-03 00:34:08,554: WARNING/ForkPoolWorker-7] ✅ Saved ATCOL
[2025-05-03 00:34:09,396: WARNING/ForkPoolWorker-7] ✅ Saved ATEX
[2025-05-03 00:34:09,436: WARNING/ForkPoolWorker-7] ✅ Saved ATEC
[2025-05-03 00:34:09,936: WARNING/ForkPoolWorker-7] ✅ Saved ATGL
[2025-05-03 00:34:11,020: WARNING/ForkPoolWorker-7] ✅ Saved ATHA
[2025-05-03 00:34:11,662: WARNING/ForkPoolWorker-7] ✅ Saved ATIIU
[2025-05-03 00:34:11,945: WARNING/ForkPoolWorker-7] ✅ Saved ATLC
[2025-05-03 00:34:12,128: WARNING/ForkPoolWorker-7] ✅ Saved ATHE
[2025-05-03 00:34:13,043: WARNING/ForkPoolWorker-7] ✅ Saved ATLCL
[2025-05-03 00:34:14,649: WARNING/ForkPoolWorker-7] ✅ Saved ATLCP
[2025-05-03 00:34:15,170: WARNING/ForkPoolWorker-7] ✅ Saved ATLO
[2025-05-03 00:34:15,417: WARNING/ForkPoolWorker-7] ✅ Saved ATLN
[2025-05-03 00:34:15,581: WARNING/ForkPoolWorker-7] ❌ Error processing ATLX: database is locked
[2025-05-03 00:34:15,582: WARNING/ForkPoolWorker-7] ✅ Saved ATLCZ
[2025-05-03 00:34:16,987: ERROR/ForkPoolWorker-7] $ATMC: possibly delisted; no price data found  (period=5d)
[2025-05-03 00:34:17,001: WARNING/ForkPoolWorker-7] ✅ Saved ATMC
[2025-05-03 00:34:18,070: WARNING/ForkPoolWorker-7] ✅ Saved ATMCR
[2025-05-03 00:34:18,340: WARNING/ForkPoolWorker-7] ✅ Saved ATMV
[2025-05-03 00:34:18,761: WARNING/ForkPoolWorker-7] ✅ Saved ATMCU
[2025-05-03 00:34:19,429: WARNING/ForkPoolWorker-7] ✅ Saved ATMVR
[2025-05-03 00:34:20,065: WARNING/ForkPoolWorker-7] ✅ Saved ATMVU
[2025-05-03 00:34:20,572: WARNING/ForkPoolWorker-7] ✅ Saved ATNF
[2025-05-03 00:34:20,957: WARNING/ForkPoolWorker-7] ✅ Saved ATNI
[2025-05-03 00:34:22,099: WARNING/ForkPoolWorker-7] ✅ Saved ATOS
[2025-05-03 00:34:22,260: WARNING/ForkPoolWorker-7] ✅ Saved ATOM
[2025-05-03 00:34:22,644: WARNING/ForkPoolWorker-7] ✅ Saved ATPC
[2025-05-03 00:34:23,178: WARNING/ForkPoolWorker-7] ✅ Saved ATRC
[2025-05-03 00:34:23,709: WARNING/ForkPoolWorker-7] ✅ Saved ATRA
[2025-05-03 00:34:24,775: ERROR/ForkPoolWorker-7] $ATSG: possibly delisted; no price data found  (period=5d)
[2025-05-03 00:34:24,810: WARNING/ForkPoolWorker-7] ✅ Saved ATSG
[2025-05-03 00:34:25,140: WARNING/ForkPoolWorker-7] ✅ Saved ATXG
[2025-05-03 00:34:25,657: WARNING/ForkPoolWorker-7] ✅ Saved ATRO
[2025-05-03 00:34:26,625: WARNING/ForkPoolWorker-7] ✅ Saved ATXS
[2025-05-03 00:34:27,114: WARNING/ForkPoolWorker-7] ✅ Saved ATYR
[2025-05-03 00:34:27,201: WARNING/ForkPoolWorker-7] ✅ Saved AUBN
[2025-05-03 00:34:28,181: WARNING/ForkPoolWorker-7] ✅ Saved AUDC
[2025-05-03 00:34:28,727: WARNING/ForkPoolWorker-7] ✅ Saved AUID
[2025-05-03 00:34:29,744: WARNING/ForkPoolWorker-7] ✅ Saved AUR
[2025-05-03 00:34:30,158: WARNING/ForkPoolWorker-7] ✅ Saved AUPH
[2025-05-03 00:34:30,265: WARNING/ForkPoolWorker-7] ✅ Saved AURA
[2025-05-03 00:34:31,109: WARNING/ForkPoolWorker-7] ❌ Error processing AUUD: database is locked
[2025-05-03 00:34:31,110: WARNING/ForkPoolWorker-7] ✅ Saved AUTL
[2025-05-03 00:34:32,965: WARNING/ForkPoolWorker-7] ✅ Saved AVAH
[2025-05-03 00:34:33,316: WARNING/ForkPoolWorker-7] ❌ Error processing AVAV: database is locked
[2025-05-03 00:34:33,318: WARNING/ForkPoolWorker-7] ✅ Saved AVBP
[2025-05-03 00:34:33,734: WARNING/ForkPoolWorker-7] ✅ Saved AVDX
[2025-05-03 00:34:34,415: WARNING/ForkPoolWorker-7] ✅ Saved AVDL
[2025-05-03 00:34:35,850: WARNING/ForkPoolWorker-7] ✅ Saved AVGO
[2025-05-03 00:34:36,549: WARNING/ForkPoolWorker-7] ✅ Saved AVIR
[2025-05-03 00:34:37,112: WARNING/ForkPoolWorker-7] ✅ Saved AVNW
[2025-05-03 00:34:37,303: WARNING/ForkPoolWorker-7] ✅ Saved AVL
[2025-05-03 00:34:37,395: WARNING/ForkPoolWorker-7] ✅ Saved AVO
[2025-05-03 00:34:38,242: WARNING/ForkPoolWorker-7] ✅ Saved AVPT
[2025-05-03 00:34:38,865: WARNING/ForkPoolWorker-7] ✅ Saved AVR
[2025-05-03 00:34:40,449: WARNING/ForkPoolWorker-7] ✅ Saved AVTX
[2025-05-03 00:34:40,633: WARNING/ForkPoolWorker-7] ✅ Saved AVS
[2025-05-03 00:34:40,733: WARNING/ForkPoolWorker-7] ✅ Saved AVT
[2025-05-03 00:34:40,910: WARNING/ForkPoolWorker-7] ❌ Error processing AVTE: NOT NULL constraint failed: stocks_stockalert.current_price
[2025-05-03 00:34:41,158: WARNING/ForkPoolWorker-7] ✅ Saved AVXL
[2025-05-03 00:34:43,140: ERROR/ForkPoolWorker-7] $AWH: possibly delisted; no price data found  (period=5d)
[2025-05-03 00:34:43,155: WARNING/ForkPoolWorker-7] ✅ Saved AWH
[2025-05-03 00:34:43,656: WARNING/ForkPoolWorker-7] ✅ Saved AXON
[2025-05-03 00:34:43,705: WARNING/ForkPoolWorker-7] ✅ Saved AXDX
[2025-05-03 00:34:43,742: WARNING/ForkPoolWorker-7] ✅ Saved AXGN
[2025-05-03 00:34:44,155: WARNING/ForkPoolWorker-7] ✅ Saved AWRE
[2025-05-03 00:34:46,479: WARNING/ForkPoolWorker-7] ✅ Saved AYTU
[2025-05-03 00:34:46,654: WARNING/ForkPoolWorker-7] ✅ Saved AZ
[2025-05-03 00:34:47,066: WARNING/ForkPoolWorker-7] ✅ Saved AYRO
[2025-05-03 00:34:47,088: WARNING/ForkPoolWorker-7] ✅ Saved AXTI
[2025-05-03 00:34:47,286: WARNING/ForkPoolWorker-7] ✅ Saved AXSM
[2025-05-03 00:34:49,552: WARNING/ForkPoolWorker-7] ✅ Saved AZI
[2025-05-03 00:34:49,971: WARNING/ForkPoolWorker-7] ✅ Saved AZN
[2025-05-03 00:34:50,087: WARNING/ForkPoolWorker-7] ✅ Saved BACQR
[2025-05-03 00:34:50,200: WARNING/ForkPoolWorker-7] ✅ Saved BACQ
[2025-05-03 00:34:50,403: WARNING/ForkPoolWorker-7] ✅ Saved AZTA
[2025-05-03 00:34:52,169: WARNING/ForkPoolWorker-7] ✅ Saved BAER
[2025-05-03 00:34:52,807: WARNING/ForkPoolWorker-7] ✅ Saved BAFN
[2025-05-03 00:34:52,927: WARNING/ForkPoolWorker-7] ✅ Saved BACQU
[2025-05-03 00:34:53,033: WARNING/ForkPoolWorker-7] ✅ Saved BANF
[2025-05-03 00:34:53,282: WARNING/ForkPoolWorker-7] ✅ Saved BAND
[2025-05-03 00:34:55,280: WARNING/ForkPoolWorker-7] ✅ Saved BANR
[2025-05-03 00:34:55,689: WARNING/ForkPoolWorker-7] ✅ Saved BANFP
[2025-05-03 00:34:55,871: WARNING/ForkPoolWorker-7] ✅ Saved BAOS
[2025-05-03 00:34:56,269: WARNING/ForkPoolWorker-7] ✅ Saved BANL
[2025-05-03 00:34:56,331: WARNING/ForkPoolWorker-7] ✅ Saved BANX
[2025-05-03 00:34:57,925: WARNING/ForkPoolWorker-7] ❌ Error processing BATRA: database is locked
[2025-05-03 00:34:57,926: WARNING/ForkPoolWorker-7] ✅ Saved BASE
[2025-05-03 00:34:58,300: WARNING/ForkPoolWorker-7] ✅ Saved BATRK
[2025-05-03 00:34:58,928: ERROR/ForkPoolWorker-7] $BAYA: possibly delisted; no price data found  (period=5d)
[2025-05-03 00:34:58,937: WARNING/ForkPoolWorker-7] ✅ Saved BAYA
[2025-05-03 00:34:59,671: WARNING/ForkPoolWorker-7] ✅ Saved BAYAR
[2025-05-03 00:35:00,696: WARNING/ForkPoolWorker-7] ✅ Saved BBCP
[2025-05-03 00:35:00,893: WARNING/ForkPoolWorker-7] ✅ Saved BBGI
[2025-05-03 00:35:01,233: WARNING/ForkPoolWorker-7] ✅ Saved BAYAU
[2025-05-03 00:35:02,134: WARNING/ForkPoolWorker-7] ✅ Saved BBIO
[2025-05-03 00:35:02,757: WARNING/ForkPoolWorker-7] ✅ Saved BBLG
[2025-05-03 00:35:03,483: WARNING/ForkPoolWorker-7] ✅ Saved BBNX
[2025-05-03 00:35:03,561: WARNING/ForkPoolWorker-7] ✅ Saved BBLGW
[2025-05-03 00:35:03,746: WARNING/ForkPoolWorker-7] ✅ Saved BBSI
[2025-05-03 00:35:04,990: WARNING/ForkPoolWorker-7] ✅ Saved BCAB
[2025-05-03 00:35:05,992: WARNING/ForkPoolWorker-7] ✅ Saved BCAX
[2025-05-03 00:35:06,258: WARNING/ForkPoolWorker-7] ✅ Saved BCAL
[2025-05-03 00:35:06,849: WARNING/ForkPoolWorker-7] ✅ Saved BCDA
[2025-05-03 00:35:07,024: WARNING/ForkPoolWorker-7] ✅ Saved BCBP
[2025-05-03 00:35:08,636: WARNING/ForkPoolWorker-7] ✅ Saved BCG
[2025-05-03 00:35:09,258: WARNING/ForkPoolWorker-7] ❌ Error processing BCPC: database is locked
[2025-05-03 00:35:09,259: WARNING/ForkPoolWorker-7] ✅ Saved BCLI
[2025-05-03 00:35:09,856: WARNING/ForkPoolWorker-7] ✅ Saved BCML
[2025-05-03 00:35:10,412: WARNING/ForkPoolWorker-7] ✅ Saved BCRX
[2025-05-03 00:35:11,635: WARNING/ForkPoolWorker-7] ✅ Saved BCTX
[2025-05-03 00:35:12,144: WARNING/ForkPoolWorker-7] ✅ Saved BDRX
[2025-05-03 00:35:12,202: WARNING/ForkPoolWorker-7] ✅ Saved BCYC
[2025-05-03 00:35:12,564: WARNING/ForkPoolWorker-7] ✅ Saved BDMD
[2025-05-03 00:35:13,179: WARNING/ForkPoolWorker-7] ✅ Saved BDSX
[2025-05-03 00:35:14,747: WARNING/ForkPoolWorker-7] ✅ Saved BDTX
[2025-05-03 00:35:15,672: WARNING/ForkPoolWorker-7] ✅ Saved BEAG
[2025-05-03 00:35:15,962: WARNING/ForkPoolWorker-7] ✅ Saved BEAGU
[2025-05-03 00:35:16,014: WARNING/ForkPoolWorker-7] ✅ Saved BEAGR
[2025-05-03 00:35:16,563: WARNING/ForkPoolWorker-7] ✅ Saved BEAM
[2025-05-03 00:35:17,612: WARNING/ForkPoolWorker-7] ✅ Saved BEAT
[2025-05-03 00:35:18,289: WARNING/ForkPoolWorker-7] ✅ Saved BEEM
[2025-05-03 00:35:19,124: WARNING/ForkPoolWorker-7] ✅ Saved BECN
[2025-05-03 00:35:19,463: WARNING/ForkPoolWorker-7] ✅ Saved BELFA
[2025-05-03 00:35:19,811: WARNING/ForkPoolWorker-7] ✅ Saved BELFB
[2025-05-03 00:35:20,774: WARNING/ForkPoolWorker-7] ✅ Saved BENF
[2025-05-03 00:35:21,133: WARNING/ForkPoolWorker-7] ✅ Saved BETR
[2025-05-03 00:35:22,017: WARNING/ForkPoolWorker-7] ✅ Saved BFC
[2025-05-03 00:35:22,647: WARNING/ForkPoolWorker-7] ✅ Saved BFIN
[2025-05-03 00:35:23,352: WARNING/ForkPoolWorker-7] ✅ Saved BFRG
[2025-05-03 00:35:23,494: WARNING/ForkPoolWorker-7] ✅ Saved BFRI
[2025-05-03 00:35:23,968: WARNING/ForkPoolWorker-7] ✅ Saved BFST
[2025-05-03 00:35:25,599: WARNING/ForkPoolWorker-7] ✅ Saved BGC
[2025-05-03 00:35:25,865: WARNING/ForkPoolWorker-7] ✅ Saved BGLC
[2025-05-03 00:35:25,882: WARNING/ForkPoolWorker-7] ✅ Saved BGFV
[2025-05-03 00:35:26,175: WARNING/ForkPoolWorker-7] ✅ Saved BGM
[2025-05-03 00:35:26,760: WARNING/ForkPoolWorker-7] ✅ Saved BHAT
[2025-05-03 00:35:29,009: WARNING/ForkPoolWorker-7] ✅ Saved BHF
[2025-05-03 00:35:29,102: WARNING/ForkPoolWorker-7] ✅ Saved BHFAN
[2025-05-03 00:35:29,412: WARNING/ForkPoolWorker-7] ✅ Saved BHFAL
[2025-05-03 00:35:29,549: WARNING/ForkPoolWorker-7] ✅ Saved BHRB
[2025-05-03 00:35:29,902: WARNING/ForkPoolWorker-7] ✅ Saved BHFAM
[2025-05-03 00:35:31,660: WARNING/ForkPoolWorker-7] ✅ Saved BHST
[2025-05-03 00:35:31,866: WARNING/ForkPoolWorker-7] ✅ Saved BIAF
[2025-05-03 00:35:32,194: WARNING/ForkPoolWorker-7] ✅ Saved BIGC
[2025-05-03 00:35:32,207: WARNING/ForkPoolWorker-7] ✅ Saved BIB
[2025-05-03 00:35:33,347: WARNING/ForkPoolWorker-7] ✅ Saved BIDU
[2025-05-03 00:35:34,358: WARNING/ForkPoolWorker-7] ✅ Saved BIIB
[2025-05-03 00:35:34,419: WARNING/ForkPoolWorker-7] ✅ Saved BIOX
[2025-05-03 00:35:35,141: WARNING/ForkPoolWorker-7] ✅ Saved BILI
[2025-05-03 00:35:35,431: WARNING/ForkPoolWorker-7] ✅ Saved BIOA
[2025-05-03 00:35:35,484: WARNING/ForkPoolWorker-7] ✅ Saved BIRD
[2025-05-03 00:35:36,842: WARNING/ForkPoolWorker-7] ✅ Saved BIS
[2025-05-03 00:35:38,186: WARNING/ForkPoolWorker-7] ✅ Saved BITF
[2025-05-03 00:35:38,601: WARNING/ForkPoolWorker-7] ❌ Error processing BIYA: database is locked
[2025-05-03 00:35:38,602: WARNING/ForkPoolWorker-7] ✅ Saved BIVI
[2025-05-03 00:35:39,017: WARNING/ForkPoolWorker-7] ✅ Saved BJDX
[2025-05-03 00:35:39,839: WARNING/ForkPoolWorker-7] ✅ Saved BJRI
[2025-05-03 00:35:40,550: WARNING/ForkPoolWorker-7] ✅ Saved BKHA
[2025-05-03 00:35:41,089: WARNING/ForkPoolWorker-7] ✅ Saved BKHAR
[2025-05-03 00:35:41,500: WARNING/ForkPoolWorker-7] ✅ Saved BKHAU
[2025-05-03 00:35:42,108: WARNING/ForkPoolWorker-7] ✅ Saved BKNG
[2025-05-03 00:35:42,354: WARNING/ForkPoolWorker-7] ✅ Saved BKR
[2025-05-03 00:35:43,902: WARNING/ForkPoolWorker-7] ✅ Saved BKYI
[2025-05-03 00:35:44,022: WARNING/ForkPoolWorker-7] ✅ Saved BL
[2025-05-03 00:35:44,507: WARNING/ForkPoolWorker-7] ✅ Saved BLBD
[2025-05-03 00:35:45,414: WARNING/ForkPoolWorker-7] ✅ Saved BLBX
[2025-05-03 00:35:45,501: WARNING/ForkPoolWorker-7] ✅ Saved BLDE
[2025-05-03 00:35:46,195: WARNING/ForkPoolWorker-7] ✅ Saved BLDP
[2025-05-03 00:35:47,002: WARNING/ForkPoolWorker-7] ✅ Saved BLFS
[2025-05-03 00:35:47,295: WARNING/ForkPoolWorker-7] ✅ Saved BLFY
[2025-05-03 00:35:47,673: WARNING/ForkPoolWorker-7] ✅ Saved BLIN
[2025-05-03 00:35:48,798: WARNING/ForkPoolWorker-7] ✅ Saved BLMN
[2025-05-03 00:35:48,969: WARNING/ForkPoolWorker-7] ✅ Saved BLKB
[2025-05-03 00:35:49,156: WARNING/ForkPoolWorker-7] ✅ Saved BLMZ
[2025-05-03 00:35:49,780: WARNING/ForkPoolWorker-7] ✅ Saved BLNE
[2025-05-03 00:35:50,163: WARNING/ForkPoolWorker-7] ✅ Saved BLNK
[2025-05-03 00:35:51,594: WARNING/ForkPoolWorker-7] ✅ Saved BLUE
[2025-05-03 00:35:51,816: WARNING/ForkPoolWorker-7] ✅ Saved BLTE
[2025-05-03 00:35:51,869: WARNING/ForkPoolWorker-7] ✅ Saved BLRX
[2025-05-03 00:35:52,845: WARNING/ForkPoolWorker-7] ✅ Saved BMBL
[2025-05-03 00:35:53,443: WARNING/ForkPoolWorker-7] ✅ Saved BLZE
[2025-05-03 00:35:54,295: WARNING/ForkPoolWorker-7] ✅ Saved BMEA
[2025-05-03 00:35:54,600: WARNING/ForkPoolWorker-7] ✅ Saved BMGL
[2025-05-03 00:35:54,936: WARNING/ForkPoolWorker-7] ✅ Saved BMR
[2025-05-03 00:35:55,700: WARNING/ForkPoolWorker-7] ✅ Saved BMRA
[2025-05-03 00:35:57,021: WARNING/ForkPoolWorker-7] ✅ Saved BMRC
[2025-05-03 00:35:57,178: WARNING/ForkPoolWorker-7] ✅ Saved BNGO
[2025-05-03 00:35:57,265: WARNING/ForkPoolWorker-7] ✅ Saved BNAI
[2025-05-03 00:35:57,523: WARNING/ForkPoolWorker-7] ✅ Saved BMRN
[2025-05-03 00:35:58,671: WARNING/ForkPoolWorker-7] ✅ Saved BNR
[2025-05-03 00:35:59,259: WARNING/ForkPoolWorker-7] ✅ Saved BNRG
[2025-05-03 00:35:59,698: WARNING/ForkPoolWorker-7] ✅ Saved BNTX
[2025-05-03 00:36:00,042: WARNING/ForkPoolWorker-7] ✅ Saved BNTC
[2025-05-03 00:36:00,228: WARNING/ForkPoolWorker-7] ✅ Saved BNZI
[2025-05-03 00:36:01,862: WARNING/ForkPoolWorker-7] ✅ Saved BOF
[2025-05-03 00:36:01,890: WARNING/ForkPoolWorker-7] ✅ Saved BOKF
[2025-05-03 00:36:02,668: WARNING/ForkPoolWorker-7] ❌ Error processing BOLD: database is locked
[2025-05-03 00:36:02,670: WARNING/ForkPoolWorker-7] ✅ Saved BOLT
[2025-05-03 00:36:03,589: WARNING/ForkPoolWorker-7] ✅ Saved BON
[2025-05-03 00:36:04,699: WARNING/ForkPoolWorker-7] ✅ Saved BOSC
[2025-05-03 00:36:05,054: WARNING/ForkPoolWorker-7] ✅ Saved BOOM
[2025-05-03 00:36:05,703: WARNING/ForkPoolWorker-7] ✅ Saved BOWN
[2025-05-03 00:36:05,878: WARNING/ForkPoolWorker-7] ✅ Saved BOTJ
[2025-05-03 00:36:07,247: WARNING/ForkPoolWorker-7] ✅ Saved BOWNR
[2025-05-03 00:36:07,334: WARNING/ForkPoolWorker-7] ✅ Saved BOXL
[2025-05-03 00:36:08,537: WARNING/ForkPoolWorker-7] ✅ Saved BOWNU
[2025-05-03 00:36:08,724: WARNING/ForkPoolWorker-7] ✅ Saved BPMC
[2025-05-03 00:36:09,404: WARNING/ForkPoolWorker-7] ✅ Saved BPOP
[2025-05-03 00:36:10,098: WARNING/ForkPoolWorker-7] ✅ Saved BPRN
[2025-05-03 00:36:10,601: WARNING/ForkPoolWorker-7] ✅ Saved BPOPM
[2025-05-03 00:36:11,120: WARNING/ForkPoolWorker-7] ✅ Saved BPYPM
[2025-05-03 00:36:11,342: WARNING/ForkPoolWorker-7] ✅ Saved BPYPN
[2025-05-03 00:36:12,221: WARNING/ForkPoolWorker-7] ✅ Saved BPYPO
[2025-05-03 00:36:12,940: WARNING/ForkPoolWorker-7] ✅ Saved BPYPP
[2025-05-03 00:36:13,004: WARNING/ForkPoolWorker-7] ✅ Saved BRAG
[2025-05-03 00:36:13,314: WARNING/ForkPoolWorker-7] ✅ Saved BREA
[2025-05-03 00:36:14,044: WARNING/ForkPoolWorker-7] ✅ Saved BRFH
[2025-05-03 00:36:15,091: WARNING/ForkPoolWorker-7] ✅ Saved BRID
[2025-05-03 00:36:15,753: WARNING/ForkPoolWorker-7] ✅ Saved BRKD
[2025-05-03 00:36:16,350: WARNING/ForkPoolWorker-7] ✅ Saved BRKL
[2025-05-03 00:36:16,614: WARNING/ForkPoolWorker-7] ✅ Saved BRKU
[2025-05-03 00:36:16,646: WARNING/ForkPoolWorker-7] ✅ Saved BRKR
[2025-05-03 00:36:17,951: WARNING/ForkPoolWorker-7] ✅ Saved BRLT
[2025-05-03 00:36:18,631: WARNING/ForkPoolWorker-7] ✅ Saved BRLS
[2025-05-03 00:36:18,856: WARNING/ForkPoolWorker-7] ✅ Saved BROG
[2025-05-03 00:36:19,765: WARNING/ForkPoolWorker-7] ✅ Saved BRNS
[2025-05-03 00:36:19,786: WARNING/ForkPoolWorker-7] ✅ Saved BRRR
[2025-05-03 00:36:21,090: WARNING/ForkPoolWorker-7] ❌ Error processing BRY: database is locked
[2025-05-03 00:36:21,092: WARNING/ForkPoolWorker-7] ✅ Saved BRTX
[2025-05-03 00:36:22,470: WARNING/ForkPoolWorker-7] ✅ Saved BRZE
[2025-05-03 00:36:23,555: WARNING/ForkPoolWorker-7] ✅ Saved BSET
[2025-05-03 00:36:23,672: WARNING/ForkPoolWorker-7] ✅ Saved BSBK
[2025-05-03 00:36:24,020: WARNING/ForkPoolWorker-7] ✅ Saved BSII
[2025-05-03 00:36:24,821: WARNING/ForkPoolWorker-7] ✅ Saved BSGM
[2025-05-03 00:36:25,064: WARNING/ForkPoolWorker-7] ✅ Saved BSIIU
[2025-05-03 00:36:26,240: WARNING/ForkPoolWorker-7] ✅ Saved BSLK
[2025-05-03 00:36:26,712: WARNING/ForkPoolWorker-7] ✅ Saved BSVN
[2025-05-03 00:36:27,275: WARNING/ForkPoolWorker-7] ✅ Saved BSRR
[2025-05-03 00:36:27,460: WARNING/ForkPoolWorker-7] ✅ Saved BTAI
[2025-05-03 00:36:27,840: WARNING/ForkPoolWorker-7] ✅ Saved BSY
[2025-05-03 00:36:28,832: WARNING/ForkPoolWorker-7] ✅ Saved BTBD
[2025-05-03 00:36:29,735: WARNING/ForkPoolWorker-7] ✅ Saved BTBT
[2025-05-03 00:36:29,801: WARNING/ForkPoolWorker-7] ✅ Saved BTCS
[2025-05-03 00:36:30,821: WARNING/ForkPoolWorker-7] ✅ Saved BTDR
[2025-05-03 00:36:31,066: WARNING/ForkPoolWorker-7] ✅ Saved BTCT
[2025-05-03 00:36:32,045: WARNING/ForkPoolWorker-7] ✅ Saved BTM
[2025-05-03 00:36:32,092: WARNING/ForkPoolWorker-7] ✅ Saved BTOC
[2025-05-03 00:36:32,584: WARNING/ForkPoolWorker-7] ✅ Saved BTMD
[2025-05-03 00:36:33,544: WARNING/ForkPoolWorker-7] ✅ Saved BTOG
[2025-05-03 00:36:34,522: WARNING/ForkPoolWorker-7] ✅ Saved BTSG
[2025-05-03 00:36:34,726: WARNING/ForkPoolWorker-7] ✅ Saved BTSGU
[2025-05-03 00:36:34,925: WARNING/ForkPoolWorker-7] ✅ Saved BUJA
[2025-05-03 00:36:35,114: WARNING/ForkPoolWorker-7] ✅ Saved BUJAR
[2025-05-03 00:36:36,170: WARNING/ForkPoolWorker-7] ✅ Saved BUJAU
[2025-05-03 00:36:37,067: WARNING/ForkPoolWorker-7] ✅ Saved BVFL
[2025-05-03 00:36:37,749: WARNING/ForkPoolWorker-7] ✅ Saved BUSE
[2025-05-03 00:36:37,983: WARNING/ForkPoolWorker-7] ✅ Saved BWAY
[2025-05-03 00:36:38,040: WARNING/ForkPoolWorker-7] ✅ Saved BVS
[2025-05-03 00:36:39,688: WARNING/ForkPoolWorker-7] ✅ Saved BWB
[2025-05-03 00:36:40,101: WARNING/ForkPoolWorker-7] ✅ Saved BWIN
[2025-05-03 00:36:40,599: WARNING/ForkPoolWorker-7] ✅ Saved BWEN
[2025-05-03 00:36:40,841: WARNING/ForkPoolWorker-7] ✅ Saved BWMN
[2025-05-03 00:36:41,108: WARNING/ForkPoolWorker-7] ✅ Saved BWFG
[2025-05-03 00:36:42,725: WARNING/ForkPoolWorker-7] ✅ Saved BYFC
[2025-05-03 00:36:42,810: WARNING/ForkPoolWorker-7] ✅ Saved BYRN
[2025-05-03 00:36:43,530: WARNING/ForkPoolWorker-7] ✅ Saved BYND
[2025-05-03 00:36:43,786: WARNING/ForkPoolWorker-7] ✅ Saved BYSI
[2025-05-03 00:36:44,027: WARNING/ForkPoolWorker-7] ✅ Saved BZ
[2025-05-03 00:36:45,059: WARNING/ForkPoolWorker-7] ✅ Saved BZAI
[2025-05-03 00:36:45,981: WARNING/ForkPoolWorker-7] ✅ Saved CAAS
[2025-05-03 00:36:46,248: WARNING/ForkPoolWorker-7] ✅ Saved BZFD
[2025-05-03 00:36:46,363: WARNING/ForkPoolWorker-7] ✅ Saved BZUN
[2025-05-03 00:36:46,686: WARNING/ForkPoolWorker-7] ✅ Saved CABA
[2025-05-03 00:36:48,108: WARNING/ForkPoolWorker-7] ✅ Saved CAC
[2025-05-03 00:36:48,701: WARNING/ForkPoolWorker-7] ✅ Saved CACC
[2025-05-03 00:36:49,168: WARNING/ForkPoolWorker-7] ✅ Saved CAKE
[2025-05-03 00:36:49,214: WARNING/ForkPoolWorker-7] ✅ Saved CADL
[2025-05-03 00:36:50,205: WARNING/ForkPoolWorker-7] ✅ Saved CALC
[2025-05-03 00:36:51,227: WARNING/ForkPoolWorker-7] ✅ Saved CALM
[2025-05-03 00:36:51,346: WARNING/ForkPoolWorker-7] ✅ Saved CAMP
[2025-05-03 00:36:51,435: WARNING/ForkPoolWorker-7] ✅ Saved CAMT
[2025-05-03 00:36:51,716: WARNING/ForkPoolWorker-7] ✅ Saved CAN
[2025-05-03 00:36:52,433: WARNING/ForkPoolWorker-7] ✅ Saved CAPN
[2025-05-03 00:36:54,042: WARNING/ForkPoolWorker-7] ✅ Saved CAPNR
[2025-05-03 00:36:54,289: WARNING/ForkPoolWorker-7] ✅ Saved CAPR
[2025-05-03 00:36:54,777: WARNING/ForkPoolWorker-7] ✅ Saved CAPS
[2025-05-03 00:36:55,185: WARNING/ForkPoolWorker-7] ✅ Saved CAPNU
[2025-05-03 00:36:55,974: WARNING/ForkPoolWorker-7] ✅ Saved CAPT
[2025-05-03 00:36:56,938: WARNING/ForkPoolWorker-7] ✅ Saved CARE
[2025-05-03 00:36:57,187: ERROR/ForkPoolWorker-7] $CARA: possibly delisted; no price data found  (period=5d)
[2025-05-03 00:36:57,204: WARNING/ForkPoolWorker-7] ❌ Error processing CARA: database is locked
[2025-05-03 00:36:57,207: WARNING/ForkPoolWorker-7] ✅ Saved CAR
[2025-05-03 00:36:58,255: WARNING/ForkPoolWorker-7] ✅ Saved CARM
[2025-05-03 00:36:58,382: WARNING/ForkPoolWorker-7] ✅ Saved CARG
[2025-05-03 00:36:59,926: WARNING/ForkPoolWorker-7] ✅ Saved CASH
[2025-05-03 00:37:00,411: WARNING/ForkPoolWorker-7] ✅ Saved CART
[2025-05-03 00:37:00,631: WARNING/ForkPoolWorker-7] ✅ Saved CASK
[2025-05-03 00:37:00,684: WARNING/ForkPoolWorker-7] ✅ Saved CARV
[2025-05-03 00:37:01,704: WARNING/ForkPoolWorker-7] ✅ Saved CASI
[2025-05-03 00:37:03,039: WARNING/ForkPoolWorker-7] ✅ Saved CBAT
[2025-05-03 00:37:03,357: WARNING/ForkPoolWorker-7] ✅ Saved CASS
[2025-05-03 00:37:03,380: WARNING/ForkPoolWorker-7] ✅ Saved CATY
[2025-05-03 00:37:04,097: WARNING/ForkPoolWorker-7] ✅ Saved CASY
[2025-05-03 00:37:04,645: WARNING/ForkPoolWorker-7] ✅ Saved CBFV
[2025-05-03 00:37:05,687: WARNING/ForkPoolWorker-7] ✅ Saved CBLL
[2025-05-03 00:37:05,743: WARNING/ForkPoolWorker-7] ✅ Saved CBNK
[2025-05-03 00:37:06,389: WARNING/ForkPoolWorker-7] ✅ Saved CBSH
[2025-05-03 00:37:06,761: WARNING/ForkPoolWorker-7] ✅ Saved CBRL
[2025-05-03 00:37:06,974: WARNING/ForkPoolWorker-7] ✅ Saved CBUS
[2025-05-03 00:37:08,500: WARNING/ForkPoolWorker-7] ✅ Saved CCAP
[2025-05-03 00:37:08,950: WARNING/ForkPoolWorker-7] ✅ Saved CCB
[2025-05-03 00:37:09,054: WARNING/ForkPoolWorker-7] ✅ Saved CCBG
[2025-05-03 00:37:09,415: WARNING/ForkPoolWorker-7] ✅ Saved CCCC
[2025-05-03 00:37:09,564: WARNING/ForkPoolWorker-7] ✅ Saved CCCS
[2025-05-03 00:37:11,080: WARNING/ForkPoolWorker-7] ✅ Saved CCD
[2025-05-03 00:37:11,915: WARNING/ForkPoolWorker-7] ✅ Saved CCEP
[2025-05-03 00:37:11,971: WARNING/ForkPoolWorker-7] ✅ Saved CCIR
[2025-05-03 00:37:12,165: WARNING/ForkPoolWorker-7] ✅ Saved CCEC
[2025-05-03 00:37:12,525: WARNING/ForkPoolWorker-7] ✅ Saved CCG
[2025-05-03 00:37:14,241: WARNING/ForkPoolWorker-7] ✅ Saved CCIRU
[2025-05-03 00:37:14,346: WARNING/ForkPoolWorker-7] ✅ Saved CCIX
[2025-05-03 00:37:14,953: WARNING/ForkPoolWorker-7] ✅ Saved CCIXU
[2025-05-03 00:37:15,615: WARNING/ForkPoolWorker-7] ✅ Saved CCLD
[2025-05-03 00:37:15,891: WARNING/ForkPoolWorker-7] ✅ Saved CCLDO
[2025-05-03 00:37:17,808: WARNING/ForkPoolWorker-7] ✅ Saved CCRN
[2025-05-03 00:37:17,838: WARNING/ForkPoolWorker-7] ✅ Saved CCNE
[2025-05-03 00:37:18,002: WARNING/ForkPoolWorker-7] ✅ Saved CCNEP
[2025-05-03 00:37:18,494: WARNING/ForkPoolWorker-7] ✅ Saved CCOI
[2025-05-03 00:37:19,374: WARNING/ForkPoolWorker-7] ✅ Saved CCSI
[2025-05-03 00:37:20,204: WARNING/ForkPoolWorker-7] ✅ Saved CCTG
[2025-05-03 00:37:21,013: WARNING/ForkPoolWorker-7] ✅ Saved CDIO
[2025-05-03 00:37:21,102: WARNING/ForkPoolWorker-7] ✅ Saved CDLX
[2025-05-03 00:37:21,711: WARNING/ForkPoolWorker-7] ✅ Saved CDNA
[2025-05-03 00:37:22,666: WARNING/ForkPoolWorker-7] ✅ Saved CDNS
[2025-05-03 00:37:22,875: WARNING/ForkPoolWorker-7] ✅ Saved CDRO
[2025-05-03 00:37:23,919: WARNING/ForkPoolWorker-7] ✅ Saved CDT
[2025-05-03 00:37:24,326: WARNING/ForkPoolWorker-7] ✅ Saved CDTG
[2025-05-03 00:37:25,333: WARNING/ForkPoolWorker-7] ✅ Saved CDTX
[2025-05-03 00:37:25,719: WARNING/ForkPoolWorker-7] ✅ Saved CDXS
[2025-05-03 00:37:26,422: WARNING/ForkPoolWorker-7] ✅ Saved CDW
[2025-05-03 00:37:26,462: WARNING/ForkPoolWorker-7] ✅ Saved CDZI
[2025-05-03 00:37:27,777: WARNING/ForkPoolWorker-7] ❌ Error processing CECO: database is locked
[2025-05-03 00:37:27,779: WARNING/ForkPoolWorker-7] ✅ Saved CEAD
[2025-05-03 00:37:28,332: WARNING/ForkPoolWorker-7] ✅ Saved CEG
[2025-05-03 00:37:29,454: WARNING/ForkPoolWorker-7] ✅ Saved CELC
[2025-05-03 00:37:29,703: WARNING/ForkPoolWorker-7] ✅ Saved CELH
[2025-05-03 00:37:30,189: WARNING/ForkPoolWorker-7] ✅ Saved CELZ
[2025-05-03 00:37:30,794: WARNING/ForkPoolWorker-7] ✅ Saved CENN
[2025-05-03 00:37:31,155: WARNING/ForkPoolWorker-7] ✅ Saved CELU
[2025-05-03 00:37:31,916: WARNING/ForkPoolWorker-7] ✅ Saved CENT
[2025-05-03 00:37:32,976: WARNING/ForkPoolWorker-7] ✅ Saved CENTA
[2025-05-03 00:37:33,354: WARNING/ForkPoolWorker-7] ✅ Saved CENX
[2025-05-03 00:37:33,604: WARNING/ForkPoolWorker-7] ✅ Saved CEPO
[2025-05-03 00:37:33,640: WARNING/ForkPoolWorker-7] ✅ Saved CEP
[2025-05-03 00:37:34,478: WARNING/ForkPoolWorker-7] ✅ Saved CERO
[2025-05-03 00:37:36,188: WARNING/ForkPoolWorker-7] ✅ Saved CERT
[2025-05-03 00:37:36,203: WARNING/ForkPoolWorker-7] ✅ Saved CERS
[2025-05-03 00:37:36,321: WARNING/ForkPoolWorker-7] ✅ Saved CETY
[2025-05-03 00:37:36,391: WARNING/ForkPoolWorker-7] ✅ Saved CETX
[2025-05-03 00:37:36,684: WARNING/ForkPoolWorker-7] ✅ Saved CEVA
[2025-05-03 00:37:38,582: WARNING/ForkPoolWorker-7] ✅ Saved CFFI
[2025-05-03 00:37:38,861: WARNING/ForkPoolWorker-7] ✅ Saved CFFN
[2025-05-03 00:37:38,942: WARNING/ForkPoolWorker-7] ✅ Saved CFSB
[2025-05-03 00:37:39,445: WARNING/ForkPoolWorker-7] ✅ Saved CFBK
[2025-05-03 00:37:39,577: WARNING/ForkPoolWorker-7] ✅ Saved CFLT
[2025-05-03 00:37:41,514: WARNING/ForkPoolWorker-7] ❌ Error processing CGBD: database is locked
[2025-05-03 00:37:41,515: WARNING/ForkPoolWorker-7] ✅ Saved CGABL
[2025-05-03 00:37:41,831: WARNING/ForkPoolWorker-7] ✅ Saved CG
[2025-05-03 00:37:42,472: WARNING/ForkPoolWorker-7] ✅ Saved CGBDL
[2025-05-03 00:37:43,018: WARNING/ForkPoolWorker-7] ✅ Saved CGBS
[2025-05-03 00:37:44,101: WARNING/ForkPoolWorker-7] ✅ Saved CGC
[2025-05-03 00:37:44,275: WARNING/ForkPoolWorker-7] ✅ Saved CGEM
[2025-05-03 00:37:44,378: WARNING/ForkPoolWorker-7] ✅ Saved CGEN
[2025-05-03 00:37:45,093: WARNING/ForkPoolWorker-7] ✅ Saved CGNT
[2025-05-03 00:37:46,590: WARNING/ForkPoolWorker-7] ❌ Error processing CGO: database is locked
[2025-05-03 00:37:46,591: WARNING/ForkPoolWorker-7] ✅ Saved CGON
[2025-05-03 00:37:46,639: WARNING/ForkPoolWorker-7] ✅ Saved CGNX
[2025-05-03 00:37:47,198: WARNING/ForkPoolWorker-7] ✅ Saved CGTL
[2025-05-03 00:37:47,456: WARNING/ForkPoolWorker-7] ✅ Saved CGTX
[2025-05-03 00:37:49,005: WARNING/ForkPoolWorker-7] ✅ Saved CHARU
[2025-05-03 00:37:49,590: WARNING/ForkPoolWorker-7] ✅ Saved CHARR
[2025-05-03 00:37:49,742: WARNING/ForkPoolWorker-7] ✅ Saved CHAR
[2025-05-03 00:37:50,048: WARNING/ForkPoolWorker-7] ✅ Saved CHCI
[2025-05-03 00:37:50,652: WARNING/ForkPoolWorker-7] ✅ Saved CHCO
[2025-05-03 00:37:52,260: WARNING/ForkPoolWorker-7] ✅ Saved CHEF
[2025-05-03 00:37:52,278: WARNING/ForkPoolWorker-7] ✅ Saved CHDN
[2025-05-03 00:37:53,318: WARNING/ForkPoolWorker-7] ✅ Saved CHEK
[2025-05-03 00:37:53,726: WARNING/ForkPoolWorker-7] ✅ Saved CHI
[2025-05-03 00:37:53,796: WARNING/ForkPoolWorker-7] ✅ Saved CHKP
[2025-05-03 00:37:55,583: WARNING/ForkPoolWorker-7] ✅ Saved CHNR
[2025-05-03 00:37:55,750: WARNING/ForkPoolWorker-7] ✅ Saved CHMG
[2025-05-03 00:37:56,180: WARNING/ForkPoolWorker-7] ✅ Saved CHR
[2025-05-03 00:37:56,678: WARNING/ForkPoolWorker-7] ✅ Saved CHRD
[2025-05-03 00:37:57,029: WARNING/ForkPoolWorker-7] ✅ Saved CHRS
[2025-05-03 00:37:58,650: WARNING/ForkPoolWorker-7] ✅ Saved CHRW
[2025-05-03 00:37:58,860: WARNING/ForkPoolWorker-7] ✅ Saved CHSCM
[2025-05-03 00:37:59,311: WARNING/ForkPoolWorker-7] ✅ Saved CHSCL
[2025-05-03 00:38:00,080: WARNING/ForkPoolWorker-7] ✅ Saved CHSCN
[2025-05-03 00:38:00,161: WARNING/ForkPoolWorker-7] ✅ Saved CHSCO
[2025-05-03 00:38:01,047: WARNING/ForkPoolWorker-7] ✅ Saved CHSN
[2025-05-03 00:38:01,757: WARNING/ForkPoolWorker-7] ✅ Saved CHTR
[2025-05-03 00:38:01,914: WARNING/ForkPoolWorker-7] ✅ Saved CHSCP
[2025-05-03 00:38:02,929: WARNING/ForkPoolWorker-7] ✅ Saved CHW
[2025-05-03 00:38:03,196: WARNING/ForkPoolWorker-7] ✅ Saved CHX
[2025-05-03 00:38:03,917: WARNING/ForkPoolWorker-7] ✅ Saved CHY
[2025-05-03 00:38:05,192: WARNING/ForkPoolWorker-7] ✅ Saved CIFR
[2025-05-03 00:38:05,341: WARNING/ForkPoolWorker-7] ✅ Saved CINF
[2025-05-03 00:38:05,504: WARNING/ForkPoolWorker-7] ✅ Saved CIGI
[2025-05-03 00:38:06,700: WARNING/ForkPoolWorker-7] ✅ Saved CING
[2025-05-03 00:38:07,125: WARNING/ForkPoolWorker-7] ✅ Saved CISO
[2025-05-03 00:38:08,444: WARNING/ForkPoolWorker-7] ✅ Saved CISS
[2025-05-03 00:38:08,483: WARNING/ForkPoolWorker-7] ✅ Saved CJET
[2025-05-03 00:38:08,816: WARNING/ForkPoolWorker-7] ✅ Saved CIVB
[2025-05-03 00:38:09,585: WARNING/ForkPoolWorker-7] ✅ Saved CJMB
[2025-05-03 00:38:09,955: WARNING/ForkPoolWorker-7] ✅ Saved CKPT
[2025-05-03 00:38:11,517: WARNING/ForkPoolWorker-7] ✅ Saved CLBK
[2025-05-03 00:38:12,065: WARNING/ForkPoolWorker-7] ✅ Saved CLBT
[2025-05-03 00:38:12,353: WARNING/ForkPoolWorker-7] ❌ Error processing CLDX: database is locked
[2025-05-03 00:38:12,354: WARNING/ForkPoolWorker-7] ✅ Saved CLAR
[2025-05-03 00:38:13,456: WARNING/ForkPoolWorker-7] ✅ Saved CLEU
[2025-05-03 00:38:14,169: WARNING/ForkPoolWorker-7] ✅ Saved CLGN
[2025-05-03 00:38:14,538: WARNING/ForkPoolWorker-7] ✅ Saved CLFD
[2025-05-03 00:38:15,260: WARNING/ForkPoolWorker-7] ❌ Error processing CLIK: database is locked
[2025-05-03 00:38:15,261: WARNING/ForkPoolWorker-7] ✅ Saved CLIR
[2025-05-03 00:38:15,546: WARNING/ForkPoolWorker-7] ✅ Saved CLLS
[2025-05-03 00:38:16,929: WARNING/ForkPoolWorker-7] ✅ Saved CLMB
[2025-05-03 00:38:17,945: WARNING/ForkPoolWorker-7] ❌ Error processing CLNE: database is locked
[2025-05-03 00:38:17,946: WARNING/ForkPoolWorker-7] ✅ Saved CLMT
[2025-05-03 00:38:18,053: WARNING/ForkPoolWorker-7] ✅ Saved CLOV
[2025-05-03 00:38:18,438: WARNING/ForkPoolWorker-7] ✅ Saved CLNN
[2025-05-03 00:38:19,527: WARNING/ForkPoolWorker-7] ✅ Saved CLPS
[2025-05-03 00:38:20,052: WARNING/ForkPoolWorker-7] ✅ Saved CLPT
[2025-05-03 00:38:21,003: WARNING/ForkPoolWorker-7] ✅ Saved CLRB
[2025-05-03 00:38:21,158: ERROR/ForkPoolWorker-7] $CLRC: possibly delisted; no price data found  (period=5d)
[2025-05-03 00:38:21,169: WARNING/ForkPoolWorker-7] ✅ Saved CLRC
[2025-05-03 00:38:21,201: WARNING/ForkPoolWorker-7] ✅ Saved CLRCR
[2025-05-03 00:38:22,258: WARNING/ForkPoolWorker-7] ✅ Saved CLRO
[2025-05-03 00:38:22,477: WARNING/ForkPoolWorker-7] ✅ Saved CLRCU
[2025-05-03 00:38:23,391: WARNING/ForkPoolWorker-7] ✅ Saved CLSK
[2025-05-03 00:38:24,500: WARNING/ForkPoolWorker-7] ✅ Saved CLSD
[2025-05-03 00:38:24,750: WARNING/ForkPoolWorker-7] ✅ Saved CLST
[2025-05-03 00:38:24,817: WARNING/ForkPoolWorker-7] ✅ Saved CLYM
[2025-05-03 00:38:25,256: WARNING/ForkPoolWorker-7] ✅ Saved CLWT
[2025-05-03 00:38:26,002: WARNING/ForkPoolWorker-7] ✅ Saved CMBM
[2025-05-03 00:38:27,206: WARNING/ForkPoolWorker-7] ✅ Saved CMCSA
[2025-05-03 00:38:27,286: WARNING/ForkPoolWorker-7] ✅ Saved CMCT
[2025-05-03 00:38:28,003: WARNING/ForkPoolWorker-7] ✅ Saved CMCO
[2025-05-03 00:38:28,700: WARNING/ForkPoolWorker-7] ❌ Error processing CMLS: database is locked
[2025-05-03 00:38:28,701: WARNING/ForkPoolWorker-7] ✅ Saved CME
[2025-05-03 00:38:30,038: WARNING/ForkPoolWorker-7] ✅ Saved CMMB
[2025-05-03 00:38:30,426: WARNING/ForkPoolWorker-7] ✅ Saved CMPO
[2025-05-03 00:38:30,860: WARNING/ForkPoolWorker-7] ✅ Saved CMND
[2025-05-03 00:38:30,932: WARNING/ForkPoolWorker-7] ✅ Saved CMPR
[2025-05-03 00:38:31,750: WARNING/ForkPoolWorker-7] ✅ Saved CMPS
[2025-05-03 00:38:32,690: ERROR/ForkPoolWorker-7] $CMRX: possibly delisted; no price data found  (period=5d)
[2025-05-03 00:38:32,705: WARNING/ForkPoolWorker-7] ✅ Saved CMRX
[2025-05-03 00:38:33,228: WARNING/ForkPoolWorker-7] ✅ Saved CMPX
[2025-05-03 00:38:33,825: WARNING/ForkPoolWorker-7] ✅ Saved CNCK
[2025-05-03 00:38:34,394: WARNING/ForkPoolWorker-7] ✅ Saved CMTL
[2025-05-03 00:38:34,589: WARNING/ForkPoolWorker-7] ✅ Saved CNDT
[2025-05-03 00:38:35,340: WARNING/ForkPoolWorker-7] ✅ Saved CNET
[2025-05-03 00:38:36,290: WARNING/ForkPoolWorker-7] ✅ Saved CNEY
[2025-05-03 00:38:36,602: WARNING/ForkPoolWorker-7] ✅ Saved CNFR
[2025-05-03 00:38:37,260: WARNING/ForkPoolWorker-7] ✅ Saved CNFRZ
[2025-05-03 00:38:37,419: WARNING/ForkPoolWorker-7] ✅ Saved CNOB
[2025-05-03 00:38:38,516: WARNING/ForkPoolWorker-7] ✅ Saved CNTA
[2025-05-03 00:38:38,786: WARNING/ForkPoolWorker-7] ✅ Saved CNSP
[2025-05-03 00:38:39,479: WARNING/ForkPoolWorker-7] ✅ Saved CNTB
[2025-05-03 00:38:40,056: WARNING/ForkPoolWorker-7] ✅ Saved CNTM
[2025-05-03 00:38:40,596: WARNING/ForkPoolWorker-7] ✅ Saved CNTX
[2025-05-03 00:38:40,969: WARNING/ForkPoolWorker-7] ✅ Saved CNTY
[2025-05-03 00:38:42,009: WARNING/ForkPoolWorker-7] ✅ Saved CNXC
[2025-05-03 00:38:42,048: WARNING/ForkPoolWorker-7] ✅ Saved CNVS
[2025-05-03 00:38:42,895: WARNING/ForkPoolWorker-7] ❌ Error processing CNXN: database is locked
[2025-05-03 00:38:42,896: WARNING/ForkPoolWorker-7] ✅ Saved COCH
[2025-05-03 00:38:44,592: WARNING/ForkPoolWorker-7] ✅ Saved COCO
[2025-05-03 00:38:45,051: WARNING/ForkPoolWorker-7] ✅ Saved COCP
[2025-05-03 00:38:45,071: WARNING/ForkPoolWorker-7] ✅ Saved CODX
[2025-05-03 00:38:45,246: WARNING/ForkPoolWorker-7] ✅ Saved CODA
[2025-05-03 00:38:45,381: WARNING/ForkPoolWorker-7] ✅ Saved COEP
[2025-05-03 00:38:47,209: WARNING/ForkPoolWorker-7] ✅ Saved COFS
[2025-05-03 00:38:48,336: WARNING/ForkPoolWorker-7] ❌ Error processing COGT: database is locked
[2025-05-03 00:38:48,339: WARNING/ForkPoolWorker-7] ✅ Saved COHU
[2025-05-03 00:38:48,554: WARNING/ForkPoolWorker-7] ✅ Saved COIN
[2025-05-03 00:38:48,978: WARNING/ForkPoolWorker-7] ✅ Saved COKE
[2025-05-03 00:38:49,915: WARNING/ForkPoolWorker-7] ✅ Saved COLA
[2025-05-03 00:38:50,718: ERROR/ForkPoolWorker-7] $COLAU: possibly delisted; no price data found  (period=5d)
[2025-05-03 00:38:50,730: WARNING/ForkPoolWorker-7] ✅ Saved COLAU
[2025-05-03 00:38:51,715: WARNING/ForkPoolWorker-7] ✅ Saved COLB
[2025-05-03 00:38:51,731: WARNING/ForkPoolWorker-7] ✅ Saved COLAR
[2025-05-03 00:38:52,061: WARNING/ForkPoolWorker-7] ✅ Saved COLL
[2025-05-03 00:38:53,307: WARNING/ForkPoolWorker-7] ❌ Error processing COLM: database is locked
[2025-05-03 00:38:53,309: WARNING/ForkPoolWorker-7] ✅ Saved COMM
[2025-05-03 00:38:54,394: WARNING/ForkPoolWorker-7] ✅ Saved COOT
[2025-05-03 00:38:54,484: WARNING/ForkPoolWorker-7] ✅ Saved COO
[2025-05-03 00:38:54,554: WARNING/ForkPoolWorker-7] ✅ Saved COOP
[2025-05-03 00:38:55,761: WARNING/ForkPoolWorker-7] ✅ Saved CORZ
[2025-05-03 00:38:56,755: WARNING/ForkPoolWorker-7] ✅ Saved CORT
[2025-05-03 00:38:57,330: WARNING/ForkPoolWorker-7] ✅ Saved CORZW
[2025-05-03 00:38:57,469: WARNING/ForkPoolWorker-7] ✅ Saved COSM
[2025-05-03 00:38:58,159: WARNING/ForkPoolWorker-7] ✅ Saved CORZZ
[2025-05-03 00:38:58,605: WARNING/ForkPoolWorker-7] ✅ Saved COST
[2025-05-03 00:38:58,916: WARNING/ForkPoolWorker-7] ✅ Saved COYA
[2025-05-03 00:39:00,032: WARNING/ForkPoolWorker-7] ✅ Saved CPBI
[2025-05-03 00:39:00,309: WARNING/ForkPoolWorker-7] ✅ Saved CPHC
[2025-05-03 00:39:00,986: WARNING/ForkPoolWorker-7] ✅ Saved CPB
[2025-05-03 00:39:01,115: WARNING/ForkPoolWorker-7] ✅ Saved CPIX
[2025-05-03 00:39:01,327: WARNING/ForkPoolWorker-7] ✅ Saved CPOP
[2025-05-03 00:39:03,138: WARNING/ForkPoolWorker-7] ✅ Saved CPRT
[2025-05-03 00:39:03,844: WARNING/ForkPoolWorker-7] ✅ Saved CPRX
[2025-05-03 00:39:03,910: WARNING/ForkPoolWorker-7] ✅ Saved CPSH
[2025-05-03 00:39:04,112: WARNING/ForkPoolWorker-7] ✅ Saved CPSS
[2025-05-03 00:39:04,219: WARNING/ForkPoolWorker-7] ✅ Saved CPZ
[2025-05-03 00:39:06,034: WARNING/ForkPoolWorker-7] ✅ Saved CRAI
[2025-05-03 00:39:06,415: WARNING/ForkPoolWorker-7] ✅ Saved CRBU
[2025-05-03 00:39:06,635: WARNING/ForkPoolWorker-7] ✅ Saved CRBP
[2025-05-03 00:39:07,435: WARNING/ForkPoolWorker-7] ✅ Saved CRDF
[2025-05-03 00:39:07,687: WARNING/ForkPoolWorker-7] ✅ Saved CRCT
[2025-05-03 00:39:08,620: WARNING/ForkPoolWorker-7] ✅ Saved CRDL
[2025-05-03 00:39:08,926: WARNING/ForkPoolWorker-7] ✅ Saved CRDO
[2025-05-03 00:39:09,380: WARNING/ForkPoolWorker-7] ✅ Saved CREG
[2025-05-03 00:39:10,311: WARNING/ForkPoolWorker-7] ✅ Saved CRESY
[2025-05-03 00:39:10,757: WARNING/ForkPoolWorker-7] ✅ Saved CREV
[2025-05-03 00:39:11,918: WARNING/ForkPoolWorker-7] ✅ Saved CREX
[2025-05-03 00:39:11,981: WARNING/ForkPoolWorker-7] ✅ Saved CRGO
[2025-05-03 00:39:12,272: WARNING/ForkPoolWorker-7] ✅ Saved CRGX
[2025-05-03 00:39:13,247: WARNING/ForkPoolWorker-7] ✅ Saved CRIS
[2025-05-03 00:39:13,777: WARNING/ForkPoolWorker-7] ✅ Saved CRMD
[2025-05-03 00:39:14,435: WARNING/ForkPoolWorker-7] ✅ Saved CRML
[2025-05-03 00:39:14,591: WARNING/ForkPoolWorker-7] ✅ Saved CRMT
[2025-05-03 00:39:15,528: WARNING/ForkPoolWorker-7] ❌ Error processing CRNC: database is locked
[2025-05-03 00:39:15,530: WARNING/ForkPoolWorker-7] ✅ Saved CRNT
[2025-05-03 00:39:16,775: WARNING/ForkPoolWorker-7] ✅ Saved CRON
[2025-05-03 00:39:16,831: WARNING/ForkPoolWorker-7] ✅ Saved CRNX
[2025-05-03 00:39:17,672: WARNING/ForkPoolWorker-7] ✅ Saved CROX
[2025-05-03 00:39:18,123: WARNING/ForkPoolWorker-7] ✅ Saved CRSR
[2025-05-03 00:39:19,016: WARNING/ForkPoolWorker-7] ✅ Saved CRUS
[2025-05-03 00:39:19,193: WARNING/ForkPoolWorker-7] ✅ Saved CRSP
[2025-05-03 00:39:20,297: WARNING/ForkPoolWorker-7] ✅ Saved CRTO
[2025-05-03 00:39:20,597: WARNING/ForkPoolWorker-7] ✅ Saved CRVO
[2025-05-03 00:39:20,708: WARNING/ForkPoolWorker-7] ✅ Saved CRVL
[2025-05-03 00:39:21,347: WARNING/ForkPoolWorker-7] ✅ Saved CRVS
[2025-05-03 00:39:22,256: WARNING/ForkPoolWorker-7] ✅ Saved CRWD
[2025-05-03 00:39:22,720: WARNING/ForkPoolWorker-7] ✅ Saved CRWV
[2025-05-03 00:39:23,842: WARNING/ForkPoolWorker-7] ✅ Saved CSAI
[2025-05-03 00:39:23,887: WARNING/ForkPoolWorker-7] ❌ Error processing CRWS: database is locked
[2025-05-03 00:39:23,888: WARNING/ForkPoolWorker-7] ✅ Saved CSBR
[2025-05-03 00:39:25,071: WARNING/ForkPoolWorker-7] ✅ Saved CSCI
[2025-05-03 00:39:25,961: WARNING/ForkPoolWorker-7] ✅ Saved CSCO
[2025-05-03 00:39:26,188: WARNING/ForkPoolWorker-7] ✅ Saved CSIQ
[2025-05-03 00:39:26,479: WARNING/ForkPoolWorker-7] ✅ Saved CSGP
[2025-05-03 00:39:27,572: ERROR/ForkPoolWorker-7] $CSLR: possibly delisted; no price data found  (period=5d)
[2025-05-03 00:39:27,580: WARNING/ForkPoolWorker-7] ❌ Error processing CSLR: database is locked
[2025-05-03 00:39:27,582: WARNING/ForkPoolWorker-7] ✅ Saved CSGS
[2025-05-03 00:39:28,765: WARNING/ForkPoolWorker-7] ✅ Saved CSQ
[2025-05-03 00:39:28,969: WARNING/ForkPoolWorker-7] ✅ Saved CSPI
[2025-05-03 00:39:30,084: WARNING/ForkPoolWorker-7] ✅ Saved CSTE
[2025-05-03 00:39:31,010: WARNING/ForkPoolWorker-7] ✅ Saved CSWC
[2025-05-03 00:39:31,167: WARNING/ForkPoolWorker-7] ✅ Saved CSTL
[2025-05-03 00:39:32,167: WARNING/ForkPoolWorker-7] ✅ Saved CSWI
[2025-05-03 00:39:32,341: WARNING/ForkPoolWorker-7] ✅ Saved CSWCZ
[2025-05-03 00:39:33,031: WARNING/ForkPoolWorker-7] ✅ Saved CSX
[2025-05-03 00:39:33,520: WARNING/ForkPoolWorker-7] ✅ Saved CTBI
[2025-05-03 00:39:34,126: WARNING/ForkPoolWorker-7] ✅ Saved CTAS
[2025-05-03 00:39:34,910: WARNING/ForkPoolWorker-7] ✅ Saved CTHR
[2025-05-03 00:39:35,129: WARNING/ForkPoolWorker-7] ✅ Saved CTKB
[2025-05-03 00:39:36,196: WARNING/ForkPoolWorker-7] ✅ Saved CTLP
[2025-05-03 00:39:36,821: WARNING/ForkPoolWorker-7] ✅ Saved CTMX
[2025-05-03 00:39:37,428: WARNING/ForkPoolWorker-7] ✅ Saved CTNT
[2025-05-03 00:39:37,632: WARNING/ForkPoolWorker-7] ✅ Saved CTOR
[2025-05-03 00:39:37,651: WARNING/ForkPoolWorker-7] ✅ Saved CTNM
[2025-05-03 00:39:38,992: WARNING/ForkPoolWorker-7] ✅ Saved CTRM
[2025-05-03 00:39:39,555: WARNING/ForkPoolWorker-7] ✅ Saved CTRN
[2025-05-03 00:39:40,298: WARNING/ForkPoolWorker-7] ✅ Saved CTSO
[2025-05-03 00:39:40,321: WARNING/ForkPoolWorker-7] ✅ Saved CTSH
[2025-05-03 00:39:40,701: WARNING/ForkPoolWorker-7] ✅ Saved CTXR
[2025-05-03 00:39:41,335: WARNING/ForkPoolWorker-7] ✅ Saved CUB
[2025-05-03 00:39:42,962: WARNING/ForkPoolWorker-7] ✅ Saved CUBA
[2025-05-03 00:39:43,253: WARNING/ForkPoolWorker-7] ❌ Error processing CUBWU: database is locked
[2025-05-03 00:39:43,254: WARNING/ForkPoolWorker-7] ✅ Saved CUE
[2025-05-03 00:39:43,455: WARNING/ForkPoolWorker-7] ✅ Saved CURR
[2025-05-03 00:39:44,176: WARNING/ForkPoolWorker-7] ✅ Saved CURI
[2025-05-03 00:39:45,863: WARNING/ForkPoolWorker-7] ✅ Saved CVAC
[2025-05-03 00:39:45,974: WARNING/ForkPoolWorker-7] ✅ Saved CVCO
[2025-05-03 00:39:46,843: WARNING/ForkPoolWorker-7] ✅ Saved CVBF
[2025-05-03 00:39:47,035: WARNING/ForkPoolWorker-7] ✅ Saved CVGI
[2025-05-03 00:39:47,280: WARNING/ForkPoolWorker-7] ✅ Saved CVGW
[2025-05-03 00:39:48,415: WARNING/ForkPoolWorker-7] ✅ Saved CVKD
[2025-05-03 00:39:49,084: WARNING/ForkPoolWorker-7] ✅ Saved CVLT
[2025-05-03 00:39:49,473: WARNING/ForkPoolWorker-7] ✅ Saved CVRX
[2025-05-03 00:39:49,968: WARNING/ForkPoolWorker-7] ✅ Saved CWBC
[2025-05-03 00:39:50,066: WARNING/ForkPoolWorker-7] ✅ Saved CVV
[2025-05-03 00:39:51,166: WARNING/ForkPoolWorker-7] ✅ Saved CWCO
[2025-05-03 00:39:52,009: WARNING/ForkPoolWorker-7] ✅ Saved CWD
[2025-05-03 00:39:52,447: WARNING/ForkPoolWorker-7] ✅ Saved CWST
[2025-05-03 00:39:52,506: WARNING/ForkPoolWorker-7] ✅ Saved CXDO
[2025-05-03 00:39:52,604: WARNING/ForkPoolWorker-7] ✅ Saved CXAI
[2025-05-03 00:39:53,554: WARNING/ForkPoolWorker-7] ✅ Saved CXSE
[2025-05-03 00:39:54,281: WARNING/ForkPoolWorker-7] ✅ Saved CYBR
[2025-05-03 00:39:54,828: WARNING/ForkPoolWorker-7] ✅ Saved CYCC
[2025-05-03 00:39:54,999: WARNING/ForkPoolWorker-7] ✅ Saved CYCCP
[2025-05-03 00:39:55,868: WARNING/ForkPoolWorker-7] ✅ Saved CYCN
[2025-05-03 00:39:57,021: WARNING/ForkPoolWorker-7] ✅ Saved CYCU
[2025-05-03 00:39:57,213: WARNING/ForkPoolWorker-7] ✅ Saved CYTK
[2025-05-03 00:39:57,471: WARNING/ForkPoolWorker-7] ✅ Saved CYRX
[2025-05-03 00:39:57,716: WARNING/ForkPoolWorker-7] ✅ Saved CYN
[2025-05-03 00:39:58,474: WARNING/ForkPoolWorker-7] ✅ Saved CZFS
[2025-05-03 00:39:59,232: WARNING/ForkPoolWorker-7] ✅ Saved CZNC
[2025-05-03 00:39:59,717: WARNING/ForkPoolWorker-7] ✅ Saved CZWI
[2025-05-03 00:40:00,072: WARNING/ForkPoolWorker-7] ✅ Saved CZR
[2025-05-03 00:40:01,000: WARNING/ForkPoolWorker-7] ✅ Saved DAIO
[2025-05-03 00:40:01,256: WARNING/ForkPoolWorker-7] ✅ Saved DADA
[2025-05-03 00:40:01,553: WARNING/ForkPoolWorker-7] ✅ Saved DAKT
[2025-05-03 00:40:02,009: WARNING/ForkPoolWorker-7] ✅ Saved DALN
[2025-05-03 00:40:02,195: WARNING/ForkPoolWorker-7] ✅ Saved DARE
[2025-05-03 00:40:04,210: WARNING/ForkPoolWorker-7] ✅ Saved DATS
[2025-05-03 00:40:04,222: WARNING/ForkPoolWorker-7] ✅ Saved DASH
[2025-05-03 00:40:04,459: WARNING/ForkPoolWorker-7] ✅ Saved DAWN
[2025-05-03 00:40:04,967: WARNING/ForkPoolWorker-7] ✅ Saved DATSW
[2025-05-03 00:40:05,639: WARNING/ForkPoolWorker-7] ✅ Saved DAVE
[2025-05-03 00:40:06,760: WARNING/ForkPoolWorker-7] ✅ Saved DBX
[2025-05-03 00:40:07,188: WARNING/ForkPoolWorker-7] ✅ Saved DCBO
[2025-05-03 00:40:07,732: WARNING/ForkPoolWorker-7] ✅ Saved DBVT
[2025-05-03 00:40:08,097: WARNING/ForkPoolWorker-7] ✅ Saved DCGO
[2025-05-03 00:40:09,305: WARNING/ForkPoolWorker-7] ✅ Saved DCOM
[2025-05-03 00:40:09,964: WARNING/ForkPoolWorker-7] ✅ Saved DCOMP
[2025-05-03 00:40:10,787: WARNING/ForkPoolWorker-7] ✅ Saved DCOMG
[2025-05-03 00:40:11,064: WARNING/ForkPoolWorker-7] ✅ Saved DDI
[2025-05-03 00:40:11,302: WARNING/ForkPoolWorker-7] ✅ Saved DCTH
[2025-05-03 00:40:11,841: WARNING/ForkPoolWorker-7] ✅ Saved DDOG
[2025-05-03 00:40:12,765: ERROR/ForkPoolWorker-7] $DECA: possibly delisted; no price data found  (period=5d)
[2025-05-03 00:40:12,780: WARNING/ForkPoolWorker-7] ✅ Saved DECA
[2025-05-03 00:40:13,565: WARNING/ForkPoolWorker-7] ✅ Saved DENN
[2025-05-03 00:40:13,800: WARNING/ForkPoolWorker-7] ✅ Saved DECAU
[2025-05-03 00:40:14,045: WARNING/ForkPoolWorker-7] ✅ Saved DEVS
[2025-05-03 00:40:14,528: WARNING/ForkPoolWorker-7] ✅ Saved DERM
[2025-05-03 00:40:15,319: WARNING/ForkPoolWorker-7] ✅ Saved DFLI
[2025-05-03 00:40:16,453: WARNING/ForkPoolWorker-7] ✅ Saved DGICA
[2025-05-03 00:40:16,981: WARNING/ForkPoolWorker-7] ❌ Error processing DGII: database is locked
[2025-05-03 00:40:16,983: WARNING/ForkPoolWorker-7] ✅ Saved DGICB
[2025-05-03 00:40:17,015: WARNING/ForkPoolWorker-7] ✅ Saved DGLY
[2025-05-03 00:40:18,205: WARNING/ForkPoolWorker-7] ✅ Saved DGNX
[2025-05-03 00:40:19,812: WARNING/ForkPoolWorker-7] ✅ Saved DGRS
[2025-05-03 00:40:19,820: WARNING/ForkPoolWorker-7] ✅ Saved DGRW
[2025-05-03 00:40:20,418: WARNING/ForkPoolWorker-7] ✅ Saved DGXX
[2025-05-03 00:40:20,526: WARNING/ForkPoolWorker-7] ✅ Saved DH
[2025-05-03 00:40:21,072: WARNING/ForkPoolWorker-7] ✅ Saved DGRE
[2025-05-03 00:40:22,273: WARNING/ForkPoolWorker-7] ✅ Saved DHC
[2025-05-03 00:40:23,358: WARNING/ForkPoolWorker-7] ✅ Saved DHAI
[2025-05-03 00:40:24,065: WARNING/ForkPoolWorker-7] ✅ Saved DHIL
[2025-05-03 00:40:24,154: WARNING/ForkPoolWorker-7] ✅ Saved DHCNI
[2025-05-03 00:40:24,474: WARNING/ForkPoolWorker-7] ✅ Saved DHCNL
[2025-05-03 00:40:24,736: WARNING/ForkPoolWorker-7] ✅ Saved DIBS
[2025-05-03 00:40:26,305: WARNING/ForkPoolWorker-7] ✅ Saved DIST
[2025-05-03 00:40:26,688: WARNING/ForkPoolWorker-7] ✅ Saved DIOD
[2025-05-03 00:40:27,427: WARNING/ForkPoolWorker-7] ✅ Saved DJCO
[2025-05-03 00:40:27,867: WARNING/ForkPoolWorker-7] ✅ Saved DISTR
[2025-05-03 00:40:28,298: WARNING/ForkPoolWorker-7] ✅ Saved DJT
[2025-05-03 00:40:28,935: WARNING/ForkPoolWorker-7] ✅ Saved DLHC
[2025-05-03 00:40:29,576: WARNING/ForkPoolWorker-7] ✅ Saved DKNG
[2025-05-03 00:40:30,537: WARNING/ForkPoolWorker-7] ✅ Saved DLTH
[2025-05-03 00:40:30,563: WARNING/ForkPoolWorker-7] ✅ Saved DLO
[2025-05-03 00:40:30,816: WARNING/ForkPoolWorker-7] ✅ Saved DLPN
[2025-05-03 00:40:31,862: WARNING/ForkPoolWorker-7] ✅ Saved DLTR
[2025-05-03 00:40:32,903: WARNING/ForkPoolWorker-7] ✅ Saved DMAC
[2025-05-03 00:40:33,010: WARNING/ForkPoolWorker-7] ✅ Saved DMAA
[2025-05-03 00:40:33,248: WARNING/ForkPoolWorker-7] ✅ Saved DMAAR
[2025-05-03 00:40:33,651: WARNING/ForkPoolWorker-7] ✅ Saved DMAAU
[2025-05-03 00:40:35,045: WARNING/ForkPoolWorker-7] ✅ Saved DMLP
[2025-05-03 00:40:35,428: WARNING/ForkPoolWorker-7] ✅ Saved DMRC
[2025-05-03 00:40:35,922: WARNING/ForkPoolWorker-7] ✅ Saved DMN
[2025-05-03 00:40:36,520: WARNING/ForkPoolWorker-7] ✅ Saved DNLI
[2025-05-03 00:40:37,165: WARNING/ForkPoolWorker-7] ❌ Error processing DNUT: database is locked
[2025-05-03 00:40:37,166: WARNING/ForkPoolWorker-7] ✅ Saved DNTH
[2025-05-03 00:40:38,641: WARNING/ForkPoolWorker-7] ✅ Saved DOCU
[2025-05-03 00:40:39,010: WARNING/ForkPoolWorker-7] ❌ Error processing DOMH: database is locked
[2025-05-03 00:40:39,011: WARNING/ForkPoolWorker-7] ✅ Saved DOGZ
[2025-05-03 00:40:39,985: WARNING/ForkPoolWorker-7] ✅ Saved DOOO
[2025-05-03 00:40:40,176: WARNING/ForkPoolWorker-7] ✅ Saved DOMO
[2025-05-03 00:40:41,253: WARNING/ForkPoolWorker-7] ✅ Saved DOYU
[2025-05-03 00:40:42,412: WARNING/ForkPoolWorker-7] ✅ Saved DORM
[2025-05-03 00:40:42,457: WARNING/ForkPoolWorker-7] ✅ Saved DOX
[2025-05-03 00:40:42,873: WARNING/ForkPoolWorker-7] ✅ Saved DPZ
[2025-05-03 00:40:43,045: WARNING/ForkPoolWorker-7] ✅ Saved DPRO
[2025-05-03 00:40:43,705: WARNING/ForkPoolWorker-7] ✅ Saved DRCT
[2025-05-03 00:40:45,469: WARNING/ForkPoolWorker-7] ✅ Saved DRDB
[2025-05-03 00:40:46,530: WARNING/ForkPoolWorker-7] ✅ Saved DRDBU
[2025-05-03 00:40:46,580: WARNING/ForkPoolWorker-7] ❌ Error processing DRMA: database is locked
[2025-05-03 00:40:46,581: WARNING/ForkPoolWorker-7] ✅ Saved DRRX
[2025-05-03 00:40:46,971: WARNING/ForkPoolWorker-7] ✅ Saved DRIO
[2025-05-03 00:40:48,143: WARNING/ForkPoolWorker-7] ✅ Saved DRS
[2025-05-03 00:40:48,600: WARNING/ForkPoolWorker-7] ✅ Saved DRTS
[2025-05-03 00:40:49,091: WARNING/ForkPoolWorker-7] ✅ Saved DRUG
[2025-05-03 00:40:49,118: WARNING/ForkPoolWorker-7] ✅ Saved DRVN
[2025-05-03 00:40:50,296: WARNING/ForkPoolWorker-7] ✅ Saved DSGR
[2025-05-03 00:40:50,403: WARNING/ForkPoolWorker-7] ✅ Saved DSGN
[2025-05-03 00:40:50,977: WARNING/ForkPoolWorker-7] ✅ Saved DSGX
[2025-05-03 00:40:51,457: WARNING/ForkPoolWorker-7] ✅ Saved DSP
[2025-05-03 00:40:52,447: WARNING/ForkPoolWorker-7] ✅ Saved DSWL
[2025-05-03 00:40:52,479: WARNING/ForkPoolWorker-7] ✅ Saved DTCK
[2025-05-03 00:40:52,968: WARNING/ForkPoolWorker-7] ✅ Saved DSY
[2025-05-03 00:40:53,622: WARNING/ForkPoolWorker-7] ✅ Saved DTI
[2025-05-03 00:40:53,893: WARNING/ForkPoolWorker-7] ✅ Saved DTIL
[2025-05-03 00:40:54,734: WARNING/ForkPoolWorker-7] ✅ Saved DTSQ
[2025-05-03 00:40:54,967: WARNING/ForkPoolWorker-7] ✅ Saved DTSQR
[2025-05-03 00:40:55,471: WARNING/ForkPoolWorker-7] ✅ Saved DTSQU
[2025-05-03 00:40:56,468: WARNING/ForkPoolWorker-7] ✅ Saved DTSS
[2025-05-03 00:40:57,307: WARNING/ForkPoolWorker-7] ✅ Saved DTST
[2025-05-03 00:40:57,894: WARNING/ForkPoolWorker-7] ✅ Saved DUO
[2025-05-03 00:40:58,192: WARNING/ForkPoolWorker-7] ✅ Saved DUOT
[2025-05-03 00:40:58,339: WARNING/ForkPoolWorker-7] ✅ Saved DUOL
[2025-05-03 00:40:58,823: WARNING/ForkPoolWorker-7] ✅ Saved DVAX
[2025-05-03 00:41:00,375: WARNING/ForkPoolWorker-7] ✅ Saved DVLT
[2025-05-03 00:41:00,651: WARNING/ForkPoolWorker-7] ✅ Saved DWSN
[2025-05-03 00:41:01,196: WARNING/ForkPoolWorker-7] ✅ Saved DXCM
[2025-05-03 00:41:01,681: WARNING/ForkPoolWorker-7] ✅ Saved DWTX
[2025-05-03 00:41:02,733: WARNING/ForkPoolWorker-7] ✅ Saved DXJS
[2025-05-03 00:41:03,532: WARNING/ForkPoolWorker-7] ✅ Saved DXLG
[2025-05-03 00:41:03,582: WARNING/ForkPoolWorker-7] ✅ Saved DXR
[2025-05-03 00:41:03,927: WARNING/ForkPoolWorker-7] ✅ Saved DXST
[2025-05-03 00:41:04,019: WARNING/ForkPoolWorker-7] ✅ Saved DXPE
[2025-05-03 00:41:06,043: WARNING/ForkPoolWorker-7] ✅ Saved DYAI
[2025-05-03 00:41:06,111: WARNING/ForkPoolWorker-7] ✅ Saved DYCQ
[2025-05-03 00:41:06,211: WARNING/ForkPoolWorker-7] ✅ Saved DYCQR
[2025-05-03 00:41:07,114: WARNING/ForkPoolWorker-7] ❌ Error processing DYN: database is locked
[2025-05-03 00:41:07,115: WARNING/ForkPoolWorker-7] ✅ Saved DYCQU
[2025-05-03 00:41:08,962: WARNING/ForkPoolWorker-7] ✅ Saved DYNX
[2025-05-03 00:41:09,251: WARNING/ForkPoolWorker-7] ✅ Saved EA
[2025-05-03 00:41:09,270: WARNING/ForkPoolWorker-7] ✅ Saved DYNXU
[2025-05-03 00:41:09,659: WARNING/ForkPoolWorker-7] ✅ Saved EBC
[2025-05-03 00:41:09,824: WARNING/ForkPoolWorker-7] ✅ Saved EBAY
[2025-05-03 00:41:11,875: WARNING/ForkPoolWorker-7] ✅ Saved EBTC
[2025-05-03 00:41:12,079: WARNING/ForkPoolWorker-7] ❌ Error processing ECDA: database is locked
[2025-05-03 00:41:12,081: WARNING/ForkPoolWorker-7] ✅ Saved EBON
[2025-05-03 00:41:12,413: WARNING/ForkPoolWorker-7] ✅ Saved EBMT
[2025-05-03 00:41:12,983: WARNING/ForkPoolWorker-7] ✅ Saved ECBK
[2025-05-03 00:41:14,783: WARNING/ForkPoolWorker-7] ✅ Saved EDAP
[2025-05-03 00:41:15,373: WARNING/ForkPoolWorker-7] ❌ Error processing ECOR: database is locked
[2025-05-03 00:41:15,374: WARNING/ForkPoolWorker-7] ❌ Error processing ECPG: database is locked
[2025-05-03 00:41:15,376: WARNING/ForkPoolWorker-7] ✅ Saved ECX
[2025-05-03 00:41:16,347: WARNING/ForkPoolWorker-7] ✅ Saved EDBL
[2025-05-03 00:41:17,735: WARNING/ForkPoolWorker-7] ✅ Saved EDSA
[2025-05-03 00:41:18,141: WARNING/ForkPoolWorker-7] ✅ Saved EDTK
[2025-05-03 00:41:18,179: WARNING/ForkPoolWorker-7] ✅ Saved EDRY
[2025-05-03 00:41:18,320: WARNING/ForkPoolWorker-7] ✅ Saved EDIT
[2025-05-03 00:41:19,058: WARNING/ForkPoolWorker-7] ✅ Saved EDUC
[2025-05-03 00:41:20,184: WARNING/ForkPoolWorker-7] ✅ Saved EEFT
[2025-05-03 00:41:20,727: WARNING/ForkPoolWorker-7] ✅ Saved EEIQ
[2025-05-03 00:41:20,741: WARNING/ForkPoolWorker-7] ✅ Saved EFSC
[2025-05-03 00:41:20,852: WARNING/ForkPoolWorker-7] ✅ Saved EFOI
[2025-05-03 00:41:21,447: WARNING/ForkPoolWorker-7] ✅ Saved EFSI
[2025-05-03 00:41:22,940: WARNING/ForkPoolWorker-7] ✅ Saved EGAN
[2025-05-03 00:41:23,047: WARNING/ForkPoolWorker-7] ✅ Saved EH
[2025-05-03 00:41:23,071: WARNING/ForkPoolWorker-7] ✅ Saved EGHT
[2025-05-03 00:41:23,709: WARNING/ForkPoolWorker-7] ✅ Saved EGBN
[2025-05-03 00:41:24,889: WARNING/ForkPoolWorker-7] ✅ Saved EHGO
[2025-05-03 00:41:25,371: WARNING/ForkPoolWorker-7] ✅ Saved EHLD
[2025-05-03 00:41:26,056: WARNING/ForkPoolWorker-7] ✅ Saved EKSO
[2025-05-03 00:41:26,283: WARNING/ForkPoolWorker-7] ✅ Saved EJH
[2025-05-03 00:41:26,323: WARNING/ForkPoolWorker-7] ✅ Saved EHTH
[2025-05-03 00:41:27,332: WARNING/ForkPoolWorker-7] ✅ Saved ELAB
[2025-05-03 00:41:28,744: WARNING/ForkPoolWorker-7] ✅ Saved ELBM
[2025-05-03 00:41:28,924: WARNING/ForkPoolWorker-7] ✅ Saved ELIL
[2025-05-03 00:41:28,967: WARNING/ForkPoolWorker-7] ✅ Saved ELDN
[2025-05-03 00:41:29,809: WARNING/ForkPoolWorker-7] ✅ Saved ELEV
[2025-05-03 00:41:29,962: WARNING/ForkPoolWorker-7] ✅ Saved ELIS
[2025-05-03 00:41:31,206: WARNING/ForkPoolWorker-7] ✅ Saved ELSE
[2025-05-03 00:41:31,347: WARNING/ForkPoolWorker-7] ✅ Saved ELTK
[2025-05-03 00:41:31,530: WARNING/ForkPoolWorker-7] ✅ Saved ELPW
[2025-05-03 00:41:32,101: WARNING/ForkPoolWorker-7] ✅ Saved ELTX
[2025-05-03 00:41:32,796: WARNING/ForkPoolWorker-7] ✅ Saved ELUT
[2025-05-03 00:41:33,662: WARNING/ForkPoolWorker-7] ✅ Saved ELWS
[2025-05-03 00:41:33,707: WARNING/ForkPoolWorker-7] ✅ Saved ELVN
[2025-05-03 00:41:33,907: WARNING/ForkPoolWorker-7] ✅ Saved ELVA
[2025-05-03 00:41:34,608: WARNING/ForkPoolWorker-7] ✅ Saved EM
[2025-05-03 00:41:36,231: WARNING/ForkPoolWorker-7] ✅ Saved EMBC
[2025-05-03 00:41:36,440: WARNING/ForkPoolWorker-7] ✅ Saved EMCB
[2025-05-03 00:41:36,953: WARNING/ForkPoolWorker-7] ✅ Saved EMCGR
[2025-05-03 00:41:36,971: ERROR/ForkPoolWorker-7] $EMCG: possibly delisted; no price data found  (period=5d)
[2025-05-03 00:41:36,982: WARNING/ForkPoolWorker-7] ✅ Saved EMCG
[2025-05-03 00:41:38,236: WARNING/ForkPoolWorker-7] ✅ Saved EMCGU
[2025-05-03 00:41:38,820: WARNING/ForkPoolWorker-7] ✅ Saved ENGN
[2025-05-03 00:41:39,332: WARNING/ForkPoolWorker-7] ✅ Saved EML
[2025-05-03 00:41:39,555: WARNING/ForkPoolWorker-7] ✅ Saved ENLT
[2025-05-03 00:41:40,518: WARNING/ForkPoolWorker-7] ✅ Saved ENPH
[2025-05-03 00:41:40,521: WARNING/ForkPoolWorker-7] ✅ Saved ENLV
[2025-05-03 00:41:41,530: WARNING/ForkPoolWorker-7] ✅ Saved ENSG
[2025-05-03 00:41:42,064: WARNING/ForkPoolWorker-7] ✅ Saved ENTA
[2025-05-03 00:41:42,644: WARNING/ForkPoolWorker-7] ✅ Saved ENSC
[2025-05-03 00:41:42,846: WARNING/ForkPoolWorker-7] ✅ Saved ENTO
[2025-05-03 00:41:44,015: WARNING/ForkPoolWorker-7] ✅ Saved ENTG
[2025-05-03 00:41:44,370: WARNING/ForkPoolWorker-7] ✅ Saved ENTX
[2025-05-03 00:41:44,800: WARNING/ForkPoolWorker-7] ✅ Saved ENVX
[2025-05-03 00:41:45,222: WARNING/ForkPoolWorker-7] ✅ Saved EOLS
[2025-05-03 00:41:45,460: WARNING/ForkPoolWorker-7] ✅ Saved ENVB
[2025-05-03 00:41:46,406: WARNING/ForkPoolWorker-7] ✅ Saved EOSE
[2025-05-03 00:41:47,316: WARNING/ForkPoolWorker-7] ❌ Error processing EPOW: database is locked
[2025-05-03 00:41:47,317: WARNING/ForkPoolWorker-7] ✅ Saved EPIX
[2025-05-03 00:41:48,137: WARNING/ForkPoolWorker-7] ✅ Saved EPRX
[2025-05-03 00:41:48,463: WARNING/ForkPoolWorker-7] ✅ Saved EPSM
[2025-05-03 00:41:49,009: WARNING/ForkPoolWorker-7] ✅ Saved EPSN
[2025-05-03 00:41:50,071: WARNING/ForkPoolWorker-7] ✅ Saved EPWK
[2025-05-03 00:41:50,501: WARNING/ForkPoolWorker-7] ✅ Saved EQ
[2025-05-03 00:41:50,750: WARNING/ForkPoolWorker-7] ✅ Saved ERAS
[2025-05-03 00:41:51,192: WARNING/ForkPoolWorker-7] ✅ Saved EQIX
[2025-05-03 00:41:52,280: WARNING/ForkPoolWorker-7] ✅ Saved ERIE
[2025-05-03 00:41:52,449: WARNING/ForkPoolWorker-7] ✅ Saved ERIC
[2025-05-03 00:41:53,495: WARNING/ForkPoolWorker-7] ✅ Saved ERNA
[2025-05-03 00:41:53,586: WARNING/ForkPoolWorker-7] ✅ Saved ERII
[2025-05-03 00:41:54,260: WARNING/ForkPoolWorker-7] ✅ Saved ESCA
[2025-05-03 00:41:55,036: WARNING/ForkPoolWorker-7] ✅ Saved ESEA
[2025-05-03 00:41:55,714: WARNING/ForkPoolWorker-7] ✅ Saved ESGL
[2025-05-03 00:41:56,047: WARNING/ForkPoolWorker-7] ✅ Saved ESGR
[2025-05-03 00:41:57,034: WARNING/ForkPoolWorker-7] ✅ Saved ESHA
[2025-05-03 00:41:57,183: WARNING/ForkPoolWorker-7] ✅ Saved ESGRO
[2025-05-03 00:41:57,778: WARNING/ForkPoolWorker-7] ✅ Saved ESHAR
[2025-05-03 00:41:58,580: WARNING/ForkPoolWorker-7] ✅ Saved ESLT
[2025-05-03 00:41:58,664: WARNING/ForkPoolWorker-7] ✅ Saved ESLA
[2025-05-03 00:41:59,398: WARNING/ForkPoolWorker-7] ✅ Saved ESPR
[2025-05-03 00:42:00,223: WARNING/ForkPoolWorker-7] ✅ Saved ESOA
[2025-05-03 00:42:00,980: WARNING/ForkPoolWorker-7] ✅ Saved ESQ
[2025-05-03 00:42:01,155: WARNING/ForkPoolWorker-7] ✅ Saved ESTA
[2025-05-03 00:42:02,106: WARNING/ForkPoolWorker-7] ✅ Saved ESSA
[2025-05-03 00:42:02,970: WARNING/ForkPoolWorker-7] ✅ Saved ETNB
[2025-05-03 00:42:03,000: WARNING/ForkPoolWorker-7] ✅ Saved ETON
[2025-05-03 00:42:03,501: WARNING/ForkPoolWorker-7] ✅ Saved ETSY
[2025-05-03 00:42:04,336: WARNING/ForkPoolWorker-7] ✅ Saved EU
[2025-05-03 00:42:04,709: WARNING/ForkPoolWorker-7] ✅ Saved EUDA
[2025-05-03 00:42:05,693: WARNING/ForkPoolWorker-7] ✅ Saved EURKU
[2025-05-03 00:42:05,924: WARNING/ForkPoolWorker-7] ✅ Saved EURK
[2025-05-03 00:42:06,330: WARNING/ForkPoolWorker-7] ✅ Saved EURKR
[2025-05-03 00:42:06,915: WARNING/ForkPoolWorker-7] ✅ Saved EVAX
[2025-05-03 00:42:07,650: WARNING/ForkPoolWorker-7] ✅ Saved EVCM
[2025-05-03 00:42:08,813: WARNING/ForkPoolWorker-7] ✅ Saved EVER
[2025-05-03 00:42:08,835: WARNING/ForkPoolWorker-7] ✅ Saved EVGN
[2025-05-03 00:42:09,423: WARNING/ForkPoolWorker-7] ✅ Saved EVLV
[2025-05-03 00:42:09,898: WARNING/ForkPoolWorker-7] ✅ Saved EVGO
[2025-05-03 00:42:11,080: WARNING/ForkPoolWorker-7] ✅ Saved EVO
[2025-05-03 00:42:11,093: WARNING/ForkPoolWorker-7] ✅ Saved EVRG
[2025-05-03 00:42:11,242: WARNING/ForkPoolWorker-7] ✅ Saved EVOK
[2025-05-03 00:42:12,199: WARNING/ForkPoolWorker-7] ✅ Saved EWBC
[2025-05-03 00:42:12,567: WARNING/ForkPoolWorker-7] ✅ Saved EVTV
[2025-05-03 00:42:13,388: WARNING/ForkPoolWorker-7] ✅ Saved EWTX
[2025-05-03 00:42:13,524: WARNING/ForkPoolWorker-7] ✅ Saved EXAS
[2025-05-03 00:42:13,757: WARNING/ForkPoolWorker-7] ✅ Saved EWCZ
[2025-05-03 00:42:15,241: WARNING/ForkPoolWorker-7] ✅ Saved EXC
[2025-05-03 00:42:16,151: WARNING/ForkPoolWorker-7] ✅ Saved EXE
[2025-05-03 00:42:16,414: WARNING/ForkPoolWorker-7] ✅ Saved EXEEZ
[2025-05-03 00:42:17,297: WARNING/ForkPoolWorker-7] ✅ Saved EXEEL
[2025-05-03 00:42:17,387: WARNING/ForkPoolWorker-7] ✅ Saved EXEEW
[2025-05-03 00:42:17,600: WARNING/ForkPoolWorker-7] ✅ Saved EXEL
[2025-05-03 00:42:19,664: WARNING/ForkPoolWorker-7] ✅ Saved EXFY
[2025-05-03 00:42:19,695: WARNING/ForkPoolWorker-7] ✅ Saved EXLS
[2025-05-03 00:42:19,842: WARNING/ForkPoolWorker-7] ✅ Saved EXOZ
[2025-05-03 00:42:19,936: WARNING/ForkPoolWorker-7] ✅ Saved EXPE
[2025-05-03 00:42:20,404: WARNING/ForkPoolWorker-7] ✅ Saved EXPI
[2025-05-03 00:42:21,895: WARNING/ForkPoolWorker-7] ✅ Saved EXTR
[2025-05-03 00:42:22,198: WARNING/ForkPoolWorker-7] ✅ Saved EYE
[2025-05-03 00:42:22,833: WARNING/ForkPoolWorker-7] ✅ Saved EXPO
[2025-05-03 00:42:22,955: WARNING/ForkPoolWorker-7] ✅ Saved EYEN
[2025-05-03 00:42:23,458: WARNING/ForkPoolWorker-7] ✅ Saved EYPT
[2025-05-03 00:42:24,258: WARNING/ForkPoolWorker-7] ✅ Saved EZGO
[2025-05-03 00:42:25,185: WARNING/ForkPoolWorker-7] ✅ Saved FAAS
[2025-05-03 00:42:25,624: WARNING/ForkPoolWorker-7] ✅ Saved EZPW
[2025-05-03 00:42:25,799: WARNING/ForkPoolWorker-7] ✅ Saved FA
[2025-05-03 00:42:26,238: WARNING/ForkPoolWorker-7] ✅ Saved FAB
[2025-05-03 00:42:27,603: WARNING/ForkPoolWorker-7] ✅ Saved FACT
[2025-05-03 00:42:27,874: WARNING/ForkPoolWorker-7] ✅ Saved FACTU
[2025-05-03 00:42:28,942: WARNING/ForkPoolWorker-7] ✅ Saved FAD
[2025-05-03 00:42:29,059: WARNING/ForkPoolWorker-7] ✅ Saved FAMI
[2025-05-03 00:42:29,790: WARNING/ForkPoolWorker-7] ✅ Saved FANG
[2025-05-03 00:42:30,767: WARNING/ForkPoolWorker-7] ✅ Saved FARM
[2025-05-03 00:42:31,672: WARNING/ForkPoolWorker-7] ✅ Saved FARO
[2025-05-03 00:42:31,781: WARNING/ForkPoolWorker-7] ✅ Saved FAT
[2025-05-03 00:42:32,111: WARNING/ForkPoolWorker-7] ✅ Saved FAST
[2025-05-03 00:42:33,489: WARNING/ForkPoolWorker-7] ✅ Saved FATBB
[2025-05-03 00:42:34,538: WARNING/ForkPoolWorker-7] ✅ Saved FATBP
[2025-05-03 00:42:34,798: WARNING/ForkPoolWorker-7] ✅ Saved FATE
[2025-05-03 00:42:35,100: WARNING/ForkPoolWorker-7] ✅ Saved FBGL
[2025-05-03 00:42:35,542: WARNING/ForkPoolWorker-7] ✅ Saved FBIO
[2025-05-03 00:42:37,189: WARNING/ForkPoolWorker-7] ✅ Saved FBIOP
[2025-05-03 00:42:37,351: WARNING/ForkPoolWorker-7] ✅ Saved FBLG
[2025-05-03 00:42:37,652: WARNING/ForkPoolWorker-7] ✅ Saved FBIZ
[2025-05-03 00:42:37,810: WARNING/ForkPoolWorker-7] ✅ Saved FBLA
[2025-05-03 00:42:38,587: WARNING/ForkPoolWorker-7] ✅ Saved FBNC
[2025-05-03 00:42:39,848: WARNING/ForkPoolWorker-7] ✅ Saved FBRX
[2025-05-03 00:42:40,143: WARNING/ForkPoolWorker-7] ✅ Saved FBYD
[2025-05-03 00:42:41,330: WARNING/ForkPoolWorker-7] ✅ Saved FBZ
[2025-05-03 00:42:41,525: WARNING/ForkPoolWorker-7] ✅ Saved FCA
[2025-05-03 00:42:41,791: WARNING/ForkPoolWorker-7] ✅ Saved FCAP
[2025-05-03 00:42:42,317: WARNING/ForkPoolWorker-7] ✅ Saved FCBC
[2025-05-03 00:42:43,369: WARNING/ForkPoolWorker-7] ✅ Saved FCCO
[2025-05-03 00:42:43,567: WARNING/ForkPoolWorker-7] ✅ Saved FCEL
[2025-05-03 00:42:44,271: WARNING/ForkPoolWorker-7] ✅ Saved FCNCA
[2025-05-03 00:42:44,946: WARNING/ForkPoolWorker-7] ✅ Saved FCFS
[2025-05-03 00:42:45,937: WARNING/ForkPoolWorker-7] ✅ Saved FDBC
[2025-05-03 00:42:46,155: WARNING/ForkPoolWorker-7] ✅ Saved FCNCO
[2025-05-03 00:42:46,463: WARNING/ForkPoolWorker-7] ❌ Error processing FDMT: database is locked
[2025-05-03 00:42:46,465: WARNING/ForkPoolWorker-7] ✅ Saved FCUV
[2025-05-03 00:42:48,192: WARNING/ForkPoolWorker-7] ✅ Saved FDSB
[2025-05-03 00:42:49,105: WARNING/ForkPoolWorker-7] ✅ Saved FDT
[2025-05-03 00:42:49,390: WARNING/ForkPoolWorker-7] ✅ Saved FDUS
[2025-05-03 00:42:49,865: WARNING/ForkPoolWorker-7] ✅ Saved FDTS
[2025-05-03 00:42:49,965: WARNING/ForkPoolWorker-7] ✅ Saved FEAM
[2025-05-03 00:42:50,441: WARNING/ForkPoolWorker-7] ✅ Saved FEBO
[2025-05-03 00:42:51,761: WARNING/ForkPoolWorker-7] ✅ Saved FEIM
[2025-05-03 00:42:52,595: WARNING/ForkPoolWorker-7] ✅ Saved FELE
[2025-05-03 00:42:53,197: WARNING/ForkPoolWorker-7] ✅ Saved FEMS
[2025-05-03 00:42:53,421: WARNING/ForkPoolWorker-7] ✅ Saved FEM
[2025-05-03 00:42:53,695: WARNING/ForkPoolWorker-7] ✅ Saved FEMY
[2025-05-03 00:42:54,979: WARNING/ForkPoolWorker-7] ✅ Saved FENC
[2025-05-03 00:42:55,878: WARNING/ForkPoolWorker-7] ✅ Saved FER
[2025-05-03 00:42:55,881: WARNING/ForkPoolWorker-7] ✅ Saved FERAU
[2025-05-03 00:42:56,263: WARNING/ForkPoolWorker-7] ✅ Saved FEX
[2025-05-03 00:42:57,112: WARNING/ForkPoolWorker-7] ✅ Saved FEP
[2025-05-03 00:42:58,310: WARNING/ForkPoolWorker-7] ✅ Saved FFIC
[2025-05-03 00:42:58,571: WARNING/ForkPoolWorker-7] ✅ Saved FFAI
[2025-05-03 00:42:58,967: WARNING/ForkPoolWorker-7] ✅ Saved FFBC
[2025-05-03 00:42:59,666: WARNING/ForkPoolWorker-7] ✅ Saved FFIV
[2025-05-03 00:42:59,835: WARNING/ForkPoolWorker-7] ✅ Saved FFIN
[2025-05-03 00:43:00,970: WARNING/ForkPoolWorker-7] ✅ Saved FGBI
[2025-05-03 00:43:01,754: WARNING/ForkPoolWorker-7] ✅ Saved FGEN
[2025-05-03 00:43:01,781: ERROR/ForkPoolWorker-7] $FFNW: possibly delisted; no price data found  (period=5d)
[2025-05-03 00:43:01,789: WARNING/ForkPoolWorker-7] ✅ Saved FFNW
[2025-05-03 00:43:01,971: WARNING/ForkPoolWorker-7] ✅ Saved FGBIP
[2025-05-03 00:43:03,305: WARNING/ForkPoolWorker-7] ✅ Saved FGF
[2025-05-03 00:43:04,195: WARNING/ForkPoolWorker-7] ✅ Saved FGFPP
[2025-05-03 00:43:04,599: WARNING/ForkPoolWorker-7] ✅ Saved FGIWW
[2025-05-03 00:43:04,819: WARNING/ForkPoolWorker-7] ✅ Saved FGI
[2025-05-03 00:43:05,378: WARNING/ForkPoolWorker-7] ✅ Saved FGL
[2025-05-03 00:43:07,100: WARNING/ForkPoolWorker-7] ❌ Error processing FGM: database is locked
[2025-05-03 00:43:07,100: WARNING/ForkPoolWorker-7] ✅ Saved FGMC
[2025-05-03 00:43:07,208: WARNING/ForkPoolWorker-7] ✅ Saved FGMCR
[2025-05-03 00:43:08,327: WARNING/ForkPoolWorker-7] ✅ Saved FGMCU
[2025-05-03 00:43:08,539: WARNING/ForkPoolWorker-7] ✅ Saved FHB
[2025-05-03 00:43:09,383: WARNING/ForkPoolWorker-7] ✅ Saved FINW
[2025-05-03 00:43:09,456: WARNING/ForkPoolWorker-7] ✅ Saved FHTX
[2025-05-03 00:43:10,120: WARNING/ForkPoolWorker-7] ✅ Saved FIBK
[2025-05-03 00:43:10,682: WARNING/ForkPoolWorker-7] ✅ Saved FIP
[2025-05-03 00:43:11,725: WARNING/ForkPoolWorker-7] ✅ Saved FISI
[2025-05-03 00:43:12,838: WARNING/ForkPoolWorker-7] ✅ Saved FITB
[2025-05-03 00:43:13,347: WARNING/ForkPoolWorker-7] ✅ Saved FIVE
[2025-05-03 00:43:13,501: WARNING/ForkPoolWorker-7] ✅ Saved FIVN
[2025-05-03 00:43:13,618: WARNING/ForkPoolWorker-7] ✅ Saved FITBI
[2025-05-03 00:43:15,069: WARNING/ForkPoolWorker-7] ✅ Saved FIZZ
[2025-05-03 00:43:16,111: WARNING/ForkPoolWorker-7] ✅ Saved FJP
[2025-05-03 00:43:16,614: WARNING/ForkPoolWorker-7] ✅ Saved FKU
[2025-05-03 00:43:16,732: WARNING/ForkPoolWorker-7] ❌ Error processing FKWL: database is locked
[2025-05-03 00:43:16,734: WARNING/ForkPoolWorker-7] ✅ Saved FLD
[2025-05-03 00:43:17,982: WARNING/ForkPoolWorker-7] ✅ Saved FLEX
[2025-05-03 00:43:18,863: WARNING/ForkPoolWorker-7] ✅ Saved FLL
[2025-05-03 00:43:19,024: WARNING/ForkPoolWorker-7] ✅ Saved FLGC
[2025-05-03 00:43:19,299: WARNING/ForkPoolWorker-7] ✅ Saved FLGT
[2025-05-03 00:43:20,269: WARNING/ForkPoolWorker-7] ✅ Saved FLIC
[2025-05-03 00:43:21,704: WARNING/ForkPoolWorker-7] ✅ Saved FLN
[2025-05-03 00:43:21,917: WARNING/ForkPoolWorker-7] ✅ Saved FLUX
[2025-05-03 00:43:21,992: WARNING/ForkPoolWorker-7] ✅ Saved FLNT
[2025-05-03 00:43:22,562: WARNING/ForkPoolWorker-7] ✅ Saved FLNC
[2025-05-03 00:43:22,887: WARNING/ForkPoolWorker-7] ✅ Saved FLWS
[2025-05-03 00:43:24,232: WARNING/ForkPoolWorker-7] ✅ Saved FLX
[2025-05-03 00:43:24,399: WARNING/ForkPoolWorker-7] ✅ Saved FLXS
[2025-05-03 00:43:24,482: WARNING/ForkPoolWorker-7] ✅ Saved FLYE
[2025-05-03 00:43:25,334: WARNING/ForkPoolWorker-7] ✅ Saved FMAO
[2025-05-03 00:43:25,405: WARNING/ForkPoolWorker-7] ✅ Saved FLYW
[2025-05-03 00:43:26,934: WARNING/ForkPoolWorker-7] ✅ Saved FMBH
[2025-05-03 00:43:27,266: WARNING/ForkPoolWorker-7] ✅ Saved FMNB
[2025-05-03 00:43:27,643: WARNING/ForkPoolWorker-7] ✅ Saved FMST
[2025-05-03 00:43:28,022: WARNING/ForkPoolWorker-7] ✅ Saved FMTO
[2025-05-03 00:43:28,380: WARNING/ForkPoolWorker-7] ✅ Saved FNGR
[2025-05-03 00:43:30,362: WARNING/ForkPoolWorker-7] ✅ Saved FNK
[2025-05-03 00:43:30,410: WARNING/ForkPoolWorker-7] ✅ Saved FNLC
[2025-05-03 00:43:30,536: WARNING/ForkPoolWorker-7] ✅ Saved FNKO
[2025-05-03 00:43:30,749: WARNING/ForkPoolWorker-7] ✅ Saved FNWB
[2025-05-03 00:43:31,817: WARNING/ForkPoolWorker-7] ✅ Saved FNWD
[2025-05-03 00:43:33,321: WARNING/ForkPoolWorker-7] ✅ Saved FONR
[2025-05-03 00:43:33,882: WARNING/ForkPoolWorker-7] ✅ Saved FOLD
[2025-05-03 00:43:34,264: WARNING/ForkPoolWorker-7] ✅ Saved FNX
[2025-05-03 00:43:34,725: WARNING/ForkPoolWorker-7] ✅ Saved FNY
[2025-05-03 00:43:34,935: WARNING/ForkPoolWorker-7] ✅ Saved FORA
[2025-05-03 00:43:36,260: WARNING/ForkPoolWorker-7] ✅ Saved FORL
[2025-05-03 00:43:36,790: WARNING/ForkPoolWorker-7] ✅ Saved FORD
[2025-05-03 00:43:37,041: WARNING/ForkPoolWorker-7] ✅ Saved FORM
[2025-05-03 00:43:37,321: WARNING/ForkPoolWorker-7] ✅ Saved FORR
[2025-05-03 00:43:37,957: WARNING/ForkPoolWorker-7] ✅ Saved FORLU
[2025-05-03 00:43:39,295: WARNING/ForkPoolWorker-7] ✅ Saved FOSL
[2025-05-03 00:43:39,851: WARNING/ForkPoolWorker-7] ✅ Saved FORTY
[2025-05-03 00:43:40,209: WARNING/ForkPoolWorker-7] ✅ Saved FOX
[2025-05-03 00:43:40,226: WARNING/ForkPoolWorker-7] ✅ Saved FOSLL
[2025-05-03 00:43:41,199: WARNING/ForkPoolWorker-7] ✅ Saved FOXA
[2025-05-03 00:43:42,194: WARNING/ForkPoolWorker-7] ✅ Saved FOXF
[2025-05-03 00:43:42,819: WARNING/ForkPoolWorker-7] ✅ Saved FOXX
[2025-05-03 00:43:42,928: WARNING/ForkPoolWorker-7] ✅ Saved FPA
[2025-05-03 00:43:43,109: WARNING/ForkPoolWorker-7] ✅ Saved FPAY
[2025-05-03 00:43:44,269: WARNING/ForkPoolWorker-7] ✅ Saved FRAF
[2025-05-03 00:43:45,171: WARNING/ForkPoolWorker-7] ✅ Saved FRGT
[2025-05-03 00:43:45,439: WARNING/ForkPoolWorker-7] ✅ Saved FRHC
[2025-05-03 00:43:45,642: WARNING/ForkPoolWorker-7] ✅ Saved FRBA
[2025-05-03 00:43:46,338: WARNING/ForkPoolWorker-7] ✅ Saved FRME
[2025-05-03 00:43:47,265: WARNING/ForkPoolWorker-7] ✅ Saved FRMEP
[2025-05-03 00:43:47,481: WARNING/ForkPoolWorker-7] ✅ Saved FROG
[2025-05-03 00:43:48,772: WARNING/ForkPoolWorker-7] ✅ Saved FRSH
[2025-05-03 00:43:48,790: WARNING/ForkPoolWorker-7] ✅ Saved FRPT
[2025-05-03 00:43:49,150: WARNING/ForkPoolWorker-7] ✅ Saved FRPH
[2025-05-03 00:43:50,290: WARNING/ForkPoolWorker-7] ✅ Saved FRST
[2025-05-03 00:43:50,699: WARNING/ForkPoolWorker-7] ✅ Saved FRSX
[2025-05-03 00:43:51,875: WARNING/ForkPoolWorker-7] ✅ Saved FSBC
[2025-05-03 00:43:52,424: WARNING/ForkPoolWorker-7] ✅ Saved FSBW
[2025-05-03 00:43:52,585: WARNING/ForkPoolWorker-7] ❌ Error processing FSEA: database is locked
[2025-05-03 00:43:52,587: WARNING/ForkPoolWorker-7] ✅ Saved FSFG
[2025-05-03 00:43:52,891: WARNING/ForkPoolWorker-7] ✅ Saved FSHP
[2025-05-03 00:43:54,332: WARNING/ForkPoolWorker-7] ✅ Saved FSHPR
[2025-05-03 00:43:55,613: WARNING/ForkPoolWorker-7] ✅ Saved FSUN
[2025-05-03 00:43:55,984: ERROR/ForkPoolWorker-7] $FSHPU: possibly delisted; no price data found  (period=5d)
[2025-05-03 00:43:55,999: WARNING/ForkPoolWorker-7] ✅ Saved FSHPU
[2025-05-03 00:43:56,166: WARNING/ForkPoolWorker-7] ✅ Saved FSLR
[2025-05-03 00:43:56,214: WARNING/ForkPoolWorker-7] ✅ Saved FSTR
[2025-05-03 00:43:57,822: WARNING/ForkPoolWorker-7] ✅ Saved FSV
[2025-05-03 00:43:58,325: WARNING/ForkPoolWorker-7] ✅ Saved FSZ
[2025-05-03 00:43:59,032: WARNING/ForkPoolWorker-7] ✅ Saved FTAIM
[2025-05-03 00:43:59,368: WARNING/ForkPoolWorker-7] ✅ Saved FTA
[2025-05-03 00:43:59,627: WARNING/ForkPoolWorker-7] ✅ Saved FTAI
[2025-05-03 00:44:01,285: WARNING/ForkPoolWorker-7] ✅ Saved FTAIN
[2025-05-03 00:44:02,055: WARNING/ForkPoolWorker-7] ✅ Saved FTC
[2025-05-03 00:44:02,237: WARNING/ForkPoolWorker-7] ❌ Error processing FTCI: database is locked
[2025-05-03 00:44:02,239: WARNING/ForkPoolWorker-7] ✅ Saved FTEK
[2025-05-03 00:44:02,459: WARNING/ForkPoolWorker-7] ✅ Saved FTDR
[2025-05-03 00:44:04,107: WARNING/ForkPoolWorker-7] ✅ Saved FTEL
[2025-05-03 00:44:04,218: WARNING/ForkPoolWorker-7] ✅ Saved FTFT
[2025-05-03 00:44:04,964: WARNING/ForkPoolWorker-7] ✅ Saved FTHM
[2025-05-03 00:44:05,014: WARNING/ForkPoolWorker-7] ✅ Saved FTLF
[2025-05-03 00:44:05,017: WARNING/ForkPoolWorker-7] ✅ Saved FTGC
[2025-05-03 00:44:06,392: WARNING/ForkPoolWorker-7] ✅ Saved FTRE
[2025-05-03 00:44:06,824: WARNING/ForkPoolWorker-7] ✅ Saved FTNT
[2025-05-03 00:44:07,575: WARNING/ForkPoolWorker-7] ✅ Saved FULC
[2025-05-03 00:44:07,753: WARNING/ForkPoolWorker-7] ✅ Saved FTSL
[2025-05-03 00:44:08,739: WARNING/ForkPoolWorker-7] ✅ Saved FUFU
[2025-05-03 00:44:08,769: WARNING/ForkPoolWorker-7] ✅ Saved FULT
[2025-05-03 00:44:09,923: WARNING/ForkPoolWorker-7] ✅ Saved FUNC
[2025-05-03 00:44:09,954: WARNING/ForkPoolWorker-7] ✅ Saved FUND
[2025-05-03 00:44:10,810: WARNING/ForkPoolWorker-7] ✅ Saved FUSB
[2025-05-03 00:44:10,896: WARNING/ForkPoolWorker-7] ✅ Saved FVCB
[2025-05-03 00:44:11,073: WARNING/ForkPoolWorker-7] ✅ Saved FUTU
[2025-05-03 00:44:13,028: WARNING/ForkPoolWorker-7] ✅ Saved FVN
[2025-05-03 00:44:13,310: WARNING/ForkPoolWorker-7] ✅ Saved FWONK
[2025-05-03 00:44:13,719: WARNING/ForkPoolWorker-7] ✅ Saved FVNNR
[2025-05-03 00:44:14,279: WARNING/ForkPoolWorker-7] ✅ Saved FWONA
[2025-05-03 00:44:14,738: WARNING/ForkPoolWorker-7] ✅ Saved FVNNU
[2025-05-03 00:44:15,632: WARNING/ForkPoolWorker-7] ✅ Saved FWRD
[2025-05-03 00:44:15,997: WARNING/ForkPoolWorker-7] ❌ Error processing FWRG: database is locked
[2025-05-03 00:44:15,998: WARNING/ForkPoolWorker-7] ✅ Saved FXNC
[2025-05-03 00:44:17,609: WARNING/ForkPoolWorker-7] ✅ Saved FYBR
[2025-05-03 00:44:18,219: WARNING/ForkPoolWorker-7] ✅ Saved FYC
[2025-05-03 00:44:18,656: WARNING/ForkPoolWorker-7] ✅ Saved GABC
[2025-05-03 00:44:18,702: WARNING/ForkPoolWorker-7] ✅ Saved FYX
[2025-05-03 00:44:18,761: WARNING/ForkPoolWorker-7] ✅ Saved FYT
[2025-05-03 00:44:20,561: WARNING/ForkPoolWorker-7] ✅ Saved GAIA
[2025-05-03 00:44:21,488: WARNING/ForkPoolWorker-7] ✅ Saved GAIN
[2025-05-03 00:44:21,963: WARNING/ForkPoolWorker-7] ✅ Saved GAINI
[2025-05-03 00:44:22,007: WARNING/ForkPoolWorker-7] ✅ Saved GAINL
[2025-05-03 00:44:22,252: WARNING/ForkPoolWorker-7] ✅ Saved GAINN
[2025-05-03 00:44:24,484: WARNING/ForkPoolWorker-7] ✅ Saved GALT
[2025-05-03 00:44:24,521: WARNING/ForkPoolWorker-7] ✅ Saved GAINZ
[2025-05-03 00:44:24,544: WARNING/ForkPoolWorker-7] ✅ Saved GAME
[2025-05-03 00:44:25,260: WARNING/ForkPoolWorker-7] ✅ Saved GAMB
[2025-05-03 00:44:25,551: WARNING/ForkPoolWorker-7] ✅ Saved GAN
[2025-05-03 00:44:26,981: WARNING/ForkPoolWorker-7] ✅ Saved GANX
[2025-05-03 00:44:27,525: WARNING/ForkPoolWorker-7] ✅ Saved GASS
[2025-05-03 00:44:27,950: ERROR/ForkPoolWorker-7] $GATE: possibly delisted; no price data found  (period=5d)
[2025-05-03 00:44:27,962: WARNING/ForkPoolWorker-7] ✅ Saved GATE
[2025-05-03 00:44:28,363: WARNING/ForkPoolWorker-7] ❌ Error processing GATEU: database is locked
[2025-05-03 00:44:28,364: WARNING/ForkPoolWorker-7] ✅ Saved GAUZ
[2025-05-03 00:44:29,234: ERROR/ForkPoolWorker-7] $GBBK: possibly delisted; no price data found  (period=5d)
[2025-05-03 00:44:29,252: WARNING/ForkPoolWorker-7] ✅ Saved GBBK
[2025-05-03 00:44:30,654: WARNING/ForkPoolWorker-7] ✅ Saved GBDC
[2025-05-03 00:44:30,960: WARNING/ForkPoolWorker-7] ✅ Saved GBBKR
[2025-05-03 00:44:31,519: WARNING/ForkPoolWorker-7] ✅ Saved GBIO
[2025-05-03 00:44:31,886: WARNING/ForkPoolWorker-7] ✅ Saved GCBC
[2025-05-03 00:44:32,564: WARNING/ForkPoolWorker-7] ✅ Saved GCL
[2025-05-03 00:44:33,471: WARNING/ForkPoolWorker-7] ✅ Saved GCMG
[2025-05-03 00:44:33,588: WARNING/ForkPoolWorker-7] ✅ Saved GCT
[2025-05-03 00:44:34,427: WARNING/ForkPoolWorker-7] ✅ Saved GCTK
[2025-05-03 00:44:35,330: WARNING/ForkPoolWorker-7] ✅ Saved GDC
[2025-05-03 00:44:35,766: WARNING/ForkPoolWorker-7] ✅ Saved GDEN
[2025-05-03 00:44:35,917: WARNING/ForkPoolWorker-7] ✅ Saved GDEV
[2025-05-03 00:44:36,962: WARNING/ForkPoolWorker-7] ✅ Saved GDHG
[2025-05-03 00:44:37,625: WARNING/ForkPoolWorker-7] ✅ Saved GDS
[2025-05-03 00:44:37,697: WARNING/ForkPoolWorker-7] ✅ Saved GDRX
[2025-05-03 00:44:38,756: WARNING/ForkPoolWorker-7] ❌ Error processing GDYN: database is locked
[2025-05-03 00:44:38,757: WARNING/ForkPoolWorker-7] ✅ Saved GDTC
[2025-05-03 00:44:40,415: WARNING/ForkPoolWorker-7] ✅ Saved GECC
[2025-05-03 00:44:40,513: WARNING/ForkPoolWorker-7] ✅ Saved GECCH
[2025-05-03 00:44:41,184: WARNING/ForkPoolWorker-7] ✅ Saved GECCI
[2025-05-03 00:44:41,275: WARNING/ForkPoolWorker-7] ✅ Saved GECCZ
[2025-05-03 00:44:42,840: WARNING/ForkPoolWorker-7] ✅ Saved GECCO
[2025-05-03 00:44:43,634: WARNING/ForkPoolWorker-7] ✅ Saved GEG
[2025-05-03 00:44:43,724: WARNING/ForkPoolWorker-7] ✅ Saved GELS
[2025-05-03 00:44:44,387: WARNING/ForkPoolWorker-7] ✅ Saved GEHC
[2025-05-03 00:44:44,391: WARNING/ForkPoolWorker-7] ✅ Saved GEGGL
[2025-05-03 00:44:45,898: WARNING/ForkPoolWorker-7] ✅ Saved GEOS
[2025-05-03 00:44:46,082: WARNING/ForkPoolWorker-7] ✅ Saved GENK
[2025-05-03 00:44:46,141: WARNING/ForkPoolWorker-7] ✅ Saved GEN
[2025-05-03 00:44:46,502: WARNING/ForkPoolWorker-7] ✅ Saved GEVO
[2025-05-03 00:44:46,771: WARNING/ForkPoolWorker-7] ✅ Saved GERN
[2025-05-03 00:44:48,047: WARNING/ForkPoolWorker-7] ✅ Saved GFAI
[2025-05-03 00:44:49,288: WARNING/ForkPoolWorker-7] ✅ Saved GFS
[2025-05-03 00:44:49,558: WARNING/ForkPoolWorker-7] ✅ Saved GGLL
[2025-05-03 00:44:49,806: WARNING/ForkPoolWorker-7] ✅ Saved GGAL
[2025-05-03 00:44:50,127: WARNING/ForkPoolWorker-7] ✅ Saved GGLS
[2025-05-03 00:44:50,914: WARNING/ForkPoolWorker-7] ✅ Saved GGR
[2025-05-03 00:44:51,665: WARNING/ForkPoolWorker-7] ✅ Saved GH
[2025-05-03 00:44:52,355: WARNING/ForkPoolWorker-7] ✅ Saved GIFT
[2025-05-03 00:44:52,728: WARNING/ForkPoolWorker-7] ✅ Saved GIFI
[2025-05-03 00:44:53,172: WARNING/ForkPoolWorker-7] ✅ Saved GHRS
[2025-05-03 00:44:53,694: WARNING/ForkPoolWorker-7] ✅ Saved GIG
[2025-05-03 00:44:54,655: WARNING/ForkPoolWorker-7] ✅ Saved GIGGU
[2025-05-03 00:44:54,727: WARNING/ForkPoolWorker-7] ✅ Saved GIGM
[2025-05-03 00:44:55,516: WARNING/ForkPoolWorker-7] ✅ Saved GILD
[2025-05-03 00:44:56,663: WARNING/ForkPoolWorker-7] ✅ Saved GIII
[2025-05-03 00:44:56,785: WARNING/ForkPoolWorker-7] ✅ Saved GILT
[2025-05-03 00:44:56,971: WARNING/ForkPoolWorker-7] ✅ Saved GIPR
[2025-05-03 00:44:57,868: WARNING/ForkPoolWorker-7] ✅ Saved GITS
[2025-05-03 00:44:58,313: ERROR/ForkPoolWorker-7] $GLAC: possibly delisted; no price data found  (period=5d)
[2025-05-03 00:44:58,330: WARNING/ForkPoolWorker-7] ✅ Saved GLAC
[2025-05-03 00:44:59,306: WARNING/ForkPoolWorker-7] ✅ Saved GLACU
[2025-05-03 00:44:59,405: WARNING/ForkPoolWorker-7] ✅ Saved GLACR
[2025-05-03 00:44:59,714: WARNING/ForkPoolWorker-7] ✅ Saved GLAD
[2025-05-03 00:45:00,536: WARNING/ForkPoolWorker-7] ✅ Saved GLBE
[2025-05-03 00:45:01,577: WARNING/ForkPoolWorker-7] ✅ Saved GLADZ
[2025-05-03 00:45:01,608: WARNING/ForkPoolWorker-7] ✅ Saved GLBS
[2025-05-03 00:45:02,972: WARNING/ForkPoolWorker-7] ✅ Saved GLBZ
[2025-05-03 00:45:03,411: WARNING/ForkPoolWorker-7] ✅ Saved GLDD
[2025-05-03 00:45:03,979: WARNING/ForkPoolWorker-7] ✅ Saved GLDI
[2025-05-03 00:45:04,090: WARNING/ForkPoolWorker-7] ✅ Saved GLE
[2025-05-03 00:45:05,167: WARNING/ForkPoolWorker-7] ✅ Saved GLMD
[2025-05-03 00:45:06,151: WARNING/ForkPoolWorker-7] ✅ Saved GLPG
[2025-05-03 00:45:06,611: WARNING/ForkPoolWorker-7] ✅ Saved GLNG
[2025-05-03 00:45:06,929: WARNING/ForkPoolWorker-7] ✅ Saved GLPI
[2025-05-03 00:45:07,340: WARNING/ForkPoolWorker-7] ✅ Saved GLRE
[2025-05-03 00:45:07,925: WARNING/ForkPoolWorker-7] ✅ Saved GLSI
[2025-05-03 00:45:08,291: WARNING/ForkPoolWorker-7] ✅ Saved GLTO
[2025-05-03 00:45:09,568: WARNING/ForkPoolWorker-7] ✅ Saved GLYC
[2025-05-03 00:45:09,675: WARNING/ForkPoolWorker-7] ✅ Saved GLXG
[2025-05-03 00:45:10,083: WARNING/ForkPoolWorker-7] ✅ Saved GLUE
[2025-05-03 00:45:11,328: WARNING/ForkPoolWorker-7] ✅ Saved GMGI
[2025-05-03 00:45:11,433: WARNING/ForkPoolWorker-7] ✅ Saved GMAB
[2025-05-03 00:45:11,739: WARNING/ForkPoolWorker-7] ✅ Saved GMHS
[2025-05-03 00:45:12,157: WARNING/ForkPoolWorker-7] ✅ Saved GMM
[2025-05-03 00:45:13,455: WARNING/ForkPoolWorker-7] ✅ Saved GNFT
[2025-05-03 00:45:13,608: WARNING/ForkPoolWorker-7] ✅ Saved GNLX
[2025-05-03 00:45:14,436: WARNING/ForkPoolWorker-7] ✅ Saved GNLN
[2025-05-03 00:45:14,594: WARNING/ForkPoolWorker-7] ✅ Saved GNPX
[2025-05-03 00:45:14,753: WARNING/ForkPoolWorker-7] ✅ Saved GNSS
[2025-05-03 00:45:16,594: WARNING/ForkPoolWorker-7] ✅ Saved GNTX
[2025-05-03 00:45:16,924: WARNING/ForkPoolWorker-7] ✅ Saved GNTA
[2025-05-03 00:45:17,371: WARNING/ForkPoolWorker-7] ✅ Saved GOCO
[2025-05-03 00:45:17,806: WARNING/ForkPoolWorker-7] ✅ Saved GO
[2025-05-03 00:45:18,059: WARNING/ForkPoolWorker-7] ✅ Saved GOGL
[2025-05-03 00:45:18,803: WARNING/ForkPoolWorker-7] ✅ Saved GOGO
[2025-05-03 00:45:20,028: WARNING/ForkPoolWorker-7] ❌ Error processing GOOD: database is locked
[2025-05-03 00:45:20,029: WARNING/ForkPoolWorker-7] ✅ Saved GOODN
[2025-05-03 00:45:20,418: WARNING/ForkPoolWorker-7] ✅ Saved GOOG
[2025-05-03 00:45:21,021: WARNING/ForkPoolWorker-7] ✅ Saved GOOGL
[2025-05-03 00:45:21,351: WARNING/ForkPoolWorker-7] ✅ Saved GOODO
[2025-05-03 00:45:23,262: WARNING/ForkPoolWorker-7] ✅ Saved GORV
[2025-05-03 00:45:23,423: WARNING/ForkPoolWorker-7] ✅ Saved GOSS
[2025-05-03 00:45:23,479: WARNING/ForkPoolWorker-7] ✅ Saved GP
[2025-05-03 00:45:23,899: WARNING/ForkPoolWorker-7] ✅ Saved GOVX
[2025-05-03 00:45:24,181: WARNING/ForkPoolWorker-7] ✅ Saved GPAT
[2025-05-03 00:45:26,142: WARNING/ForkPoolWorker-7] ✅ Saved GPRO
[2025-05-03 00:45:26,442: WARNING/ForkPoolWorker-7] ✅ Saved GPRE
[2025-05-03 00:45:26,495: WARNING/ForkPoolWorker-7] ✅ Saved GPCR
[2025-05-03 00:45:26,877: WARNING/ForkPoolWorker-7] ✅ Saved GRAB
[2025-05-03 00:45:27,069: WARNING/ForkPoolWorker-7] ✅ Saved GPATU
[2025-05-03 00:45:28,937: WARNING/ForkPoolWorker-7] ✅ Saved GREE
[2025-05-03 00:45:29,281: WARNING/ForkPoolWorker-7] ✅ Saved GRAL
[2025-05-03 00:45:29,479: WARNING/ForkPoolWorker-7] ✅ Saved GRFS
[2025-05-03 00:45:29,583: WARNING/ForkPoolWorker-7] ✅ Saved GRCE
[2025-05-03 00:45:29,859: WARNING/ForkPoolWorker-7] ✅ Saved GREEL
[2025-05-03 00:45:31,089: WARNING/ForkPoolWorker-7] ✅ Saved GRI
[2025-05-03 00:45:32,412: WARNING/ForkPoolWorker-7] ❌ Error processing GRID: database is locked
[2025-05-03 00:45:32,413: WARNING/ForkPoolWorker-7] ✅ Saved GRNQ
[2025-05-03 00:45:32,795: WARNING/ForkPoolWorker-7] ✅ Saved GROW
[2025-05-03 00:45:33,476: WARNING/ForkPoolWorker-7] ✅ Saved GRPN
[2025-05-03 00:45:34,437: WARNING/ForkPoolWorker-7] ✅ Saved GRRR
[2025-05-03 00:45:35,754: WARNING/ForkPoolWorker-7] ✅ Saved GRVY
[2025-05-03 00:45:35,782: WARNING/ForkPoolWorker-7] ✅ Saved GRWG
[2025-05-03 00:45:35,865: WARNING/ForkPoolWorker-7] ✅ Saved GRYP
[2025-05-03 00:45:36,422: WARNING/ForkPoolWorker-7] ✅ Saved GSAT
[2025-05-03 00:45:37,536: WARNING/ForkPoolWorker-7] ✅ Saved GSBC
[2025-05-03 00:45:38,095: WARNING/ForkPoolWorker-7] ✅ Saved GSIT
[2025-05-03 00:45:38,422: WARNING/ForkPoolWorker-7] ✅ Saved GSHD
[2025-05-03 00:45:38,874: WARNING/ForkPoolWorker-7] ✅ Saved GSHRU
[2025-05-03 00:45:39,743: WARNING/ForkPoolWorker-7] ✅ Saved GSIW
[2025-05-03 00:45:40,059: WARNING/ForkPoolWorker-7] ✅ Saved GSM
[2025-05-03 00:45:41,425: WARNING/ForkPoolWorker-7] ✅ Saved GSRT
[2025-05-03 00:45:41,461: WARNING/ForkPoolWorker-7] ✅ Saved GSRTU
[2025-05-03 00:45:42,073: WARNING/ForkPoolWorker-7] ✅ Saved GSRTR
[2025-05-03 00:45:43,175: WARNING/ForkPoolWorker-7] ✅ Saved GSUN
[2025-05-03 00:45:43,654: WARNING/ForkPoolWorker-7] ✅ Saved GT
[2025-05-03 00:45:43,881: WARNING/ForkPoolWorker-7] ✅ Saved GTBP
[2025-05-03 00:45:44,850: WARNING/ForkPoolWorker-7] ❌ Error processing GTEC: database is locked
[2025-05-03 00:45:44,852: WARNING/ForkPoolWorker-7] ✅ Saved GTI
[2025-05-03 00:45:45,421: WARNING/ForkPoolWorker-7] ✅ Saved GTIM
[2025-05-03 00:45:46,828: WARNING/ForkPoolWorker-7] ✅ Saved GTLB
[2025-05-03 00:45:47,076: WARNING/ForkPoolWorker-7] ✅ Saved GTX
[2025-05-03 00:45:47,283: WARNING/ForkPoolWorker-7] ✅ Saved GTR
[2025-05-03 00:45:47,638: WARNING/ForkPoolWorker-7] ✅ Saved GURE
[2025-05-03 00:45:47,878: WARNING/ForkPoolWorker-7] ✅ Saved GUTS
[2025-05-03 00:45:49,576: WARNING/ForkPoolWorker-7] ✅ Saved GVH
[2025-05-03 00:45:49,986: WARNING/ForkPoolWorker-7] ✅ Saved GV
[2025-05-03 00:45:50,315: WARNING/ForkPoolWorker-7] ✅ Saved GXAI
[2025-05-03 00:45:50,770: WARNING/ForkPoolWorker-7] ✅ Saved GWAV
[2025-05-03 00:45:50,823: WARNING/ForkPoolWorker-7] ✅ Saved GWRS
[2025-05-03 00:45:52,145: WARNING/ForkPoolWorker-7] ✅ Saved GYRE
[2025-05-03 00:45:52,902: ERROR/ForkPoolWorker-7] $GYRO: possibly delisted; no price data found  (period=5d)
[2025-05-03 00:45:52,911: WARNING/ForkPoolWorker-7] ✅ Saved GYRO
[2025-05-03 00:45:53,748: WARNING/ForkPoolWorker-7] ✅ Saved HAIN
[2025-05-03 00:45:53,825: WARNING/ForkPoolWorker-7] ✅ Saved HALO
[2025-05-03 00:45:53,879: WARNING/ForkPoolWorker-7] ✅ Saved HAFC
[2025-05-03 00:45:55,119: WARNING/ForkPoolWorker-7] ✅ Saved HAO
[2025-05-03 00:45:55,972: WARNING/ForkPoolWorker-7] ✅ Saved HBCP
[2025-05-03 00:45:56,413: WARNING/ForkPoolWorker-7] ✅ Saved HBAN
[2025-05-03 00:45:56,548: WARNING/ForkPoolWorker-7] ✅ Saved HAS
[2025-05-03 00:45:57,207: WARNING/ForkPoolWorker-7] ✅ Saved HBIO
[2025-05-03 00:45:58,227: WARNING/ForkPoolWorker-7] ✅ Saved HBT
[2025-05-03 00:45:58,560: WARNING/ForkPoolWorker-7] ✅ Saved HBNC
[2025-05-03 00:45:58,965: WARNING/ForkPoolWorker-7] ✅ Saved HCAT
[2025-05-03 00:45:59,772: WARNING/ForkPoolWorker-7] ✅ Saved HCAI
[2025-05-03 00:45:59,798: WARNING/ForkPoolWorker-7] ✅ Saved HCKT
[2025-05-03 00:46:01,193: WARNING/ForkPoolWorker-7] ✅ Saved HCM
[2025-05-03 00:46:01,613: WARNING/ForkPoolWorker-7] ✅ Saved HCTI
[2025-05-03 00:46:02,030: WARNING/ForkPoolWorker-7] ✅ Saved HCSG
[2025-05-03 00:46:02,851: WARNING/ForkPoolWorker-7] ✅ Saved HCVIU
[2025-05-03 00:46:02,913: WARNING/ForkPoolWorker-7] ✅ Saved HCVI
[2025-05-03 00:46:03,563: WARNING/ForkPoolWorker-7] ✅ Saved HCWB
[2025-05-03 00:46:04,744: WARNING/ForkPoolWorker-7] ✅ Saved HDL
[2025-05-03 00:46:05,083: WARNING/ForkPoolWorker-7] ✅ Saved HEES
[2025-05-03 00:46:05,698: WARNING/ForkPoolWorker-7] ✅ Saved HDSN
[2025-05-03 00:46:05,794: WARNING/ForkPoolWorker-7] ✅ Saved HELE
[2025-05-03 00:46:06,522: WARNING/ForkPoolWorker-7] ✅ Saved HEPA
[2025-05-03 00:46:07,168: WARNING/ForkPoolWorker-7] ✅ Saved HEPS
[2025-05-03 00:46:08,149: WARNING/ForkPoolWorker-7] ✅ Saved HFBL
[2025-05-03 00:46:08,802: WARNING/ForkPoolWorker-7] ✅ Saved HFFG
[2025-05-03 00:46:08,804: WARNING/ForkPoolWorker-7] ✅ Saved HGBL
[2025-05-03 00:46:09,600: WARNING/ForkPoolWorker-7] ✅ Saved HFWA
[2025-05-03 00:46:10,739: WARNING/ForkPoolWorker-7] ✅ Saved HHS
[2025-05-03 00:46:11,833: WARNING/ForkPoolWorker-7] ✅ Saved HIFS
[2025-05-03 00:46:11,943: WARNING/ForkPoolWorker-7] ✅ Saved HIHO
[2025-05-03 00:46:11,964: WARNING/ForkPoolWorker-7] ✅ Saved HIMX
[2025-05-03 00:46:12,218: WARNING/ForkPoolWorker-7] ✅ Saved HIT
[2025-05-03 00:46:14,014: WARNING/ForkPoolWorker-7] ✅ Saved HITI
[2025-05-03 00:46:14,386: WARNING/ForkPoolWorker-7] ✅ Saved HLIT
[2025-05-03 00:46:14,404: WARNING/ForkPoolWorker-7] ✅ Saved HIVE
[2025-05-03 00:46:14,462: WARNING/ForkPoolWorker-7] ✅ Saved HKIT
[2025-05-03 00:46:14,659: WARNING/ForkPoolWorker-7] ✅ Saved HKPD
[2025-05-03 00:46:16,721: WARNING/ForkPoolWorker-7] ✅ Saved HLVX
[2025-05-03 00:46:17,105: WARNING/ForkPoolWorker-7] ✅ Saved HLMN
[2025-05-03 00:46:17,149: WARNING/ForkPoolWorker-7] ✅ Saved HLP
[2025-05-03 00:46:17,729: WARNING/ForkPoolWorker-7] ✅ Saved HLNE
[2025-05-03 00:46:17,832: WARNING/ForkPoolWorker-7] ✅ Saved HLXB
[2025-05-03 00:46:19,103: WARNING/ForkPoolWorker-7] ✅ Saved HMR
[2025-05-03 00:46:19,321: WARNING/ForkPoolWorker-7] ✅ Saved HMST
[2025-05-03 00:46:19,961: WARNING/ForkPoolWorker-7] ✅ Saved HNRG
[2025-05-03 00:46:20,763: WARNING/ForkPoolWorker-7] ✅ Saved HNNA
[2025-05-03 00:46:21,255: WARNING/ForkPoolWorker-7] ✅ Saved HNNAZ
[2025-05-03 00:46:21,996: WARNING/ForkPoolWorker-7] ✅ Saved HNST
[2025-05-03 00:46:22,242: WARNING/ForkPoolWorker-7] ✅ Saved HOFT
[2025-05-03 00:46:22,407: WARNING/ForkPoolWorker-7] ✅ Saved HNVR
[2025-05-03 00:46:22,862: WARNING/ForkPoolWorker-7] ✅ Saved HOFV
[2025-05-03 00:46:23,607: WARNING/ForkPoolWorker-7] ✅ Saved HOLO
[2025-05-03 00:46:24,795: WARNING/ForkPoolWorker-7] ✅ Saved HOLX
[2025-05-03 00:46:25,374: WARNING/ForkPoolWorker-7] ✅ Saved HONDU
[2025-05-03 00:46:25,695: WARNING/ForkPoolWorker-7] ✅ Saved HON
[2025-05-03 00:46:26,037: WARNING/ForkPoolWorker-7] ✅ Saved HOND
[2025-05-03 00:46:27,061: WARNING/ForkPoolWorker-7] ✅ Saved HONE
[2025-05-03 00:46:28,278: WARNING/ForkPoolWorker-7] ✅ Saved HOPE
[2025-05-03 00:46:28,363: WARNING/ForkPoolWorker-7] ❌ Error processing HOOD: database is locked
[2025-05-03 00:46:28,364: WARNING/ForkPoolWorker-7] ✅ Saved HOOK
[2025-05-03 00:46:29,273: WARNING/ForkPoolWorker-7] ✅ Saved HOTH
[2025-05-03 00:46:29,515: WARNING/ForkPoolWorker-7] ✅ Saved HOUR
[2025-05-03 00:46:30,859: WARNING/ForkPoolWorker-7] ✅ Saved HOWL
[2025-05-03 00:46:31,207: WARNING/ForkPoolWorker-7] ✅ Saved HOVR
[2025-05-03 00:46:31,647: WARNING/ForkPoolWorker-7] ✅ Saved HPAI
[2025-05-03 00:46:31,912: WARNING/ForkPoolWorker-7] ✅ Saved HOVNP
[2025-05-03 00:46:32,364: WARNING/ForkPoolWorker-7] ✅ Saved HPH
[2025-05-03 00:46:33,361: WARNING/ForkPoolWorker-7] ✅ Saved HPK
[2025-05-03 00:46:34,036: WARNING/ForkPoolWorker-7] ✅ Saved HQI
[2025-05-03 00:46:34,664: WARNING/ForkPoolWorker-7] ✅ Saved HQY
[2025-05-03 00:46:35,434: WARNING/ForkPoolWorker-7] ✅ Saved HRMY
[2025-05-03 00:46:35,825: WARNING/ForkPoolWorker-7] ✅ Saved HROW
[2025-05-03 00:46:36,843: WARNING/ForkPoolWorker-7] ✅ Saved HROWM
[2025-05-03 00:46:36,880: WARNING/ForkPoolWorker-7] ✅ Saved HROWL
[2025-05-03 00:46:37,092: WARNING/ForkPoolWorker-7] ✅ Saved HRTX
[2025-05-03 00:46:37,773: WARNING/ForkPoolWorker-7] ✅ Saved HRZN
[2025-05-03 00:46:38,504: WARNING/ForkPoolWorker-7] ✅ Saved HSAI
[2025-05-03 00:46:39,491: WARNING/ForkPoolWorker-7] ❌ Error processing HSIC: database is locked
[2025-05-03 00:46:39,493: WARNING/ForkPoolWorker-7] ✅ Saved HSCS
[2025-05-03 00:46:40,367: WARNING/ForkPoolWorker-7] ✅ Saved HSDT
[2025-05-03 00:46:40,733: WARNING/ForkPoolWorker-7] ✅ Saved HSON
[2025-05-03 00:46:40,774: WARNING/ForkPoolWorker-7] ✅ Saved HSII
[2025-05-03 00:46:41,923: WARNING/ForkPoolWorker-7] ✅ Saved HSPO
[2025-05-03 00:46:42,301: WARNING/ForkPoolWorker-7] ✅ Saved HSPOR
[2025-05-03 00:46:43,489: WARNING/ForkPoolWorker-7] ✅ Saved HSPTR
[2025-05-03 00:46:43,790: WARNING/ForkPoolWorker-7] ✅ Saved HSPOU
[2025-05-03 00:46:43,815: WARNING/ForkPoolWorker-7] ✅ Saved HSPT
[2025-05-03 00:46:45,820: WARNING/ForkPoolWorker-7] ✅ Saved HSPTU
[2025-05-03 00:46:46,262: WARNING/ForkPoolWorker-7] ✅ Saved HSTM
[2025-05-03 00:46:46,323: WARNING/ForkPoolWorker-7] ✅ Saved HST
[2025-05-03 00:46:46,354: WARNING/ForkPoolWorker-7] ✅ Saved HTCO
[2025-05-03 00:46:47,068: WARNING/ForkPoolWorker-7] ✅ Saved HTBK
[2025-05-03 00:46:48,397: WARNING/ForkPoolWorker-7] ✅ Saved HTHT
[2025-05-03 00:46:48,623: WARNING/ForkPoolWorker-7] ✅ Saved HTCR
[2025-05-03 00:46:48,773: WARNING/ForkPoolWorker-7] ✅ Saved HTLM
[2025-05-03 00:46:48,973: WARNING/ForkPoolWorker-7] ✅ Saved HTLD
[2025-05-03 00:46:49,299: WARNING/ForkPoolWorker-7] ✅ Saved HTOO
[2025-05-03 00:46:51,073: WARNING/ForkPoolWorker-7] ✅ Saved HTZ
[2025-05-03 00:46:51,093: WARNING/ForkPoolWorker-7] ✅ Saved HUBC
[2025-05-03 00:46:51,217: WARNING/ForkPoolWorker-7] ✅ Saved HUBG
[2025-05-03 00:46:51,645: WARNING/ForkPoolWorker-7] ✅ Saved HUDI
[2025-05-03 00:46:52,259: WARNING/ForkPoolWorker-7] ✅ Saved HUHU
[2025-05-03 00:46:53,646: WARNING/ForkPoolWorker-7] ✅ Saved HUMA
[2025-05-03 00:46:53,940: WARNING/ForkPoolWorker-7] ✅ Saved HURA
[2025-05-03 00:46:54,122: WARNING/ForkPoolWorker-7] ✅ Saved HUIZ
[2025-05-03 00:46:54,733: WARNING/ForkPoolWorker-7] ✅ Saved HURN
[2025-05-03 00:46:55,562: WARNING/ForkPoolWorker-7] ✅ Saved HURC
[2025-05-03 00:46:56,782: WARNING/ForkPoolWorker-7] ✅ Saved HUT
[2025-05-03 00:46:57,285: WARNING/ForkPoolWorker-7] ✅ Saved HVIIR
[2025-05-03 00:46:57,358: WARNING/ForkPoolWorker-7] ✅ Saved HVII
[2025-05-03 00:46:58,177: WARNING/ForkPoolWorker-7] ✅ Saved HVIIU
[2025-05-03 00:46:58,265: WARNING/ForkPoolWorker-7] ✅ Saved HWBK
[2025-05-03 00:47:00,251: WARNING/ForkPoolWorker-7] ✅ Saved HWH
[2025-05-03 00:47:00,395: WARNING/ForkPoolWorker-7] ✅ Saved HWC
[2025-05-03 00:47:01,011: WARNING/ForkPoolWorker-7] ✅ Saved HWCPZ
[2025-05-03 00:47:01,072: WARNING/ForkPoolWorker-7] ✅ Saved HWKN
[2025-05-03 00:47:01,600: WARNING/ForkPoolWorker-7] ✅ Saved HWSM
[2025-05-03 00:47:03,073: WARNING/ForkPoolWorker-7] ✅ Saved HYMC
[2025-05-03 00:47:03,549: WARNING/ForkPoolWorker-7] ✅ Saved HYFM
[2025-05-03 00:47:04,058: WARNING/ForkPoolWorker-7] ✅ Saved HYPR
[2025-05-03 00:47:04,593: WARNING/ForkPoolWorker-7] ✅ Saved HYZD
[2025-05-03 00:47:05,136: WARNING/ForkPoolWorker-7] ✅ Saved IAC
[2025-05-03 00:47:05,992: WARNING/ForkPoolWorker-7] ✅ Saved IART
[2025-05-03 00:47:06,476: WARNING/ForkPoolWorker-7] ✅ Saved IACVV
[2025-05-03 00:47:07,038: WARNING/ForkPoolWorker-7] ✅ Saved IBAC
[2025-05-03 00:47:07,442: WARNING/ForkPoolWorker-7] ✅ Saved IAS
[2025-05-03 00:47:08,073: WARNING/ForkPoolWorker-7] ✅ Saved IBACR
[2025-05-03 00:47:09,568: WARNING/ForkPoolWorker-7] ✅ Saved IBCP
[2025-05-03 00:47:09,893: WARNING/ForkPoolWorker-7] ✅ Saved IBIO
[2025-05-03 00:47:09,973: WARNING/ForkPoolWorker-7] ✅ Saved IBEX
[2025-05-03 00:47:10,609: WARNING/ForkPoolWorker-7] ❌ Error processing IBG: database is locked
[2025-05-03 00:47:10,610: WARNING/ForkPoolWorker-7] ✅ Saved IBKR
[2025-05-03 00:47:12,392: WARNING/ForkPoolWorker-7] ✅ Saved ICAD
[2025-05-03 00:47:12,915: WARNING/ForkPoolWorker-7] ✅ Saved IBOC
[2025-05-03 00:47:13,322: WARNING/ForkPoolWorker-7] ✅ Saved ICCC
[2025-05-03 00:47:13,374: WARNING/ForkPoolWorker-7] ✅ Saved IBRX
[2025-05-03 00:47:13,981: WARNING/ForkPoolWorker-7] ✅ Saved ICCM
[2025-05-03 00:47:15,468: WARNING/ForkPoolWorker-7] ✅ Saved ICCT
[2025-05-03 00:47:15,844: WARNING/ForkPoolWorker-7] ✅ Saved ICG
[2025-05-03 00:47:16,671: WARNING/ForkPoolWorker-7] ❌ Error processing ICHR: database is locked
[2025-05-03 00:47:16,672: WARNING/ForkPoolWorker-7] ✅ Saved ICFI
[2025-05-03 00:47:16,746: WARNING/ForkPoolWorker-7] ✅ Saved ICLR
[2025-05-03 00:47:18,308: WARNING/ForkPoolWorker-7] ✅ Saved ICON
[2025-05-03 00:47:19,133: WARNING/ForkPoolWorker-7] ✅ Saved ICMB
[2025-05-03 00:47:19,238: WARNING/ForkPoolWorker-7] ❌ Error processing IDAI: database is locked
[2025-05-03 00:47:19,239: WARNING/ForkPoolWorker-7] ✅ Saved ICUI
[2025-05-03 00:47:19,788: WARNING/ForkPoolWorker-7] ✅ Saved ICU
[2025-05-03 00:47:21,778: WARNING/ForkPoolWorker-7] ❌ Error processing IDCC: database is locked
[2025-05-03 00:47:21,780: WARNING/ForkPoolWorker-7] ✅ Saved IDYA
[2025-05-03 00:47:22,229: WARNING/ForkPoolWorker-7] ✅ Saved IDXX
[2025-05-03 00:47:22,364: WARNING/ForkPoolWorker-7] ✅ Saved IDN
[2025-05-03 00:47:23,165: WARNING/ForkPoolWorker-7] ✅ Saved IEP
[2025-05-03 00:47:24,244: WARNING/ForkPoolWorker-7] ✅ Saved IESC
[2025-05-03 00:47:24,889: WARNING/ForkPoolWorker-7] ✅ Saved IFBD
[2025-05-03 00:47:25,508: WARNING/ForkPoolWorker-7] ✅ Saved IGIC
[2025-05-03 00:47:25,578: WARNING/ForkPoolWorker-7] ✅ Saved IFRX
[2025-05-03 00:47:26,087: WARNING/ForkPoolWorker-7] ✅ Saved IGMS
[2025-05-03 00:47:27,680: WARNING/ForkPoolWorker-7] ✅ Saved IHRT
[2025-05-03 00:47:27,726: WARNING/ForkPoolWorker-7] ✅ Saved IINN
[2025-05-03 00:47:28,475: WARNING/ForkPoolWorker-7] ✅ Saved III
[2025-05-03 00:47:28,951: WARNING/ForkPoolWorker-7] ✅ Saved IKNA
[2025-05-03 00:47:29,013: WARNING/ForkPoolWorker-7] ✅ Saved IIIV
[2025-05-03 00:47:30,377: WARNING/ForkPoolWorker-7] ✅ Saved IKT
[2025-05-03 00:47:30,614: WARNING/ForkPoolWorker-7] ✅ Saved ILLR
[2025-05-03 00:47:31,096: WARNING/ForkPoolWorker-7] ✅ Saved ILAG
[2025-05-03 00:47:31,841: WARNING/ForkPoolWorker-7] ✅ Saved ILMN
[2025-05-03 00:47:32,537: WARNING/ForkPoolWorker-7] ✅ Saved ILPT
[2025-05-03 00:47:33,018: WARNING/ForkPoolWorker-7] ✅ Saved IMAB
[2025-05-03 00:47:33,240: WARNING/ForkPoolWorker-7] ✅ Saved IMCC
[2025-05-03 00:47:34,110: WARNING/ForkPoolWorker-7] ✅ Saved IMCR
[2025-05-03 00:47:34,518: WARNING/ForkPoolWorker-7] ✅ Saved IMG
[2025-05-03 00:47:35,440: WARNING/ForkPoolWorker-7] ✅ Saved IMMP
[2025-05-03 00:47:36,050: WARNING/ForkPoolWorker-7] ✅ Saved IMKTA
[2025-05-03 00:47:36,382: WARNING/ForkPoolWorker-7] ✅ Saved IMMX
[2025-05-03 00:47:36,803: WARNING/ForkPoolWorker-7] ✅ Saved IMMR
[2025-05-03 00:47:37,989: WARNING/ForkPoolWorker-7] ✅ Saved IMNM
[2025-05-03 00:47:38,752: WARNING/ForkPoolWorker-7] ✅ Saved IMNN
[2025-05-03 00:47:39,136: WARNING/ForkPoolWorker-7] ✅ Saved IMOS
[2025-05-03 00:47:39,202: WARNING/ForkPoolWorker-7] ✅ Saved IMPP
[2025-05-03 00:47:40,562: WARNING/ForkPoolWorker-7] ✅ Saved IMPPP
[2025-05-03 00:47:41,093: WARNING/ForkPoolWorker-7] ✅ Saved IMRN
[2025-05-03 00:47:41,912: WARNING/ForkPoolWorker-7] ✅ Saved IMRX
[2025-05-03 00:47:42,118: WARNING/ForkPoolWorker-7] ✅ Saved IMTE
[2025-05-03 00:47:42,719: WARNING/ForkPoolWorker-7] ✅ Saved IMTX
[2025-05-03 00:47:43,842: WARNING/ForkPoolWorker-7] ✅ Saved IMUX
[2025-05-03 00:47:43,891: WARNING/ForkPoolWorker-7] ✅ Saved IMVT
[2025-05-03 00:47:44,900: WARNING/ForkPoolWorker-7] ✅ Saved IMXI
[2025-05-03 00:47:45,690: WARNING/ForkPoolWorker-7] ✅ Saved INAB
[2025-05-03 00:47:46,334: WARNING/ForkPoolWorker-7] ✅ Saved INBK
[2025-05-03 00:47:47,212: WARNING/ForkPoolWorker-7] ✅ Saved INBS
[2025-05-03 00:47:47,403: WARNING/ForkPoolWorker-7] ✅ Saved INBX
[2025-05-03 00:47:47,441: WARNING/ForkPoolWorker-7] ✅ Saved INBKZ
[2025-05-03 00:47:48,309: WARNING/ForkPoolWorker-7] ✅ Saved INCR
[2025-05-03 00:47:48,470: WARNING/ForkPoolWorker-7] ✅ Saved INCY
[2025-05-03 00:47:49,791: WARNING/ForkPoolWorker-7] ✅ Saved INDI
[2025-05-03 00:47:50,307: WARNING/ForkPoolWorker-7] ✅ Saved INDH
[2025-05-03 00:47:50,578: WARNING/ForkPoolWorker-7] ✅ Saved INDV
[2025-05-03 00:47:50,724: WARNING/ForkPoolWorker-7] ✅ Saved INDB
[2025-05-03 00:47:50,848: WARNING/ForkPoolWorker-7] ✅ Saved INDP
[2025-05-03 00:47:51,913: WARNING/ForkPoolWorker-7] ✅ Saved INGN
[2025-05-03 00:47:52,759: WARNING/ForkPoolWorker-7] ✅ Saved INHD
[2025-05-03 00:47:53,302: WARNING/ForkPoolWorker-7] ✅ Saved INKT
[2025-05-03 00:47:53,916: WARNING/ForkPoolWorker-7] ✅ Saved INM
[2025-05-03 00:47:54,002: WARNING/ForkPoolWorker-7] ✅ Saved INLF
[2025-05-03 00:47:54,843: WARNING/ForkPoolWorker-7] ✅ Saved INMB
[2025-05-03 00:47:56,038: WARNING/ForkPoolWorker-7] ✅ Saved INMD
[2025-05-03 00:47:56,144: WARNING/ForkPoolWorker-7] ✅ Saved INO
[2025-05-03 00:47:56,552: WARNING/ForkPoolWorker-7] ✅ Saved INNV
[2025-05-03 00:47:57,328: WARNING/ForkPoolWorker-7] ✅ Saved INSE
[2025-05-03 00:47:57,565: WARNING/ForkPoolWorker-7] ✅ Saved INOD
[2025-05-03 00:47:58,980: WARNING/ForkPoolWorker-7] ✅ Saved INSG
[2025-05-03 00:47:59,452: WARNING/ForkPoolWorker-7] ✅ Saved INSM
[2025-05-03 00:47:59,881: WARNING/ForkPoolWorker-7] ✅ Saved INTG
[2025-05-03 00:47:59,926: WARNING/ForkPoolWorker-7] ✅ Saved INTA
[2025-05-03 00:48:00,069: WARNING/ForkPoolWorker-7] ✅ Saved INTC
[2025-05-03 00:48:02,233: WARNING/ForkPoolWorker-7] ✅ Saved INTU
[2025-05-03 00:48:02,339: WARNING/ForkPoolWorker-7] ✅ Saved INTZ
[2025-05-03 00:48:02,367: WARNING/ForkPoolWorker-7] ✅ Saved INTR
[2025-05-03 00:48:02,512: WARNING/ForkPoolWorker-7] ✅ Saved INTJ
[2025-05-03 00:48:03,333: WARNING/ForkPoolWorker-7] ✅ Saved INTS
[2025-05-03 00:48:04,483: WARNING/ForkPoolWorker-7] ✅ Saved INVA
[2025-05-03 00:48:05,264: WARNING/ForkPoolWorker-7] ✅ Saved INVZ
[2025-05-03 00:48:05,503: WARNING/ForkPoolWorker-7] ✅ Saved INV
[2025-05-03 00:48:05,840: WARNING/ForkPoolWorker-7] ✅ Saved INVE
[2025-05-03 00:48:06,513: WARNING/ForkPoolWorker-7] ✅ Saved INZY
[2025-05-03 00:48:07,779: WARNING/ForkPoolWorker-7] ✅ Saved IOBT
[2025-05-03 00:48:08,186: WARNING/ForkPoolWorker-7] ✅ Saved IONR
[2025-05-03 00:48:08,689: WARNING/ForkPoolWorker-7] ✅ Saved IOSP
[2025-05-03 00:48:09,058: WARNING/ForkPoolWorker-7] ✅ Saved IONS
[2025-05-03 00:48:09,065: WARNING/ForkPoolWorker-7] ✅ Saved IOVA
[2025-05-03 00:48:10,242: WARNING/ForkPoolWorker-7] ✅ Saved IPA
[2025-05-03 00:48:11,023: WARNING/ForkPoolWorker-7] ✅ Saved IPDN
[2025-05-03 00:48:11,093: WARNING/ForkPoolWorker-7] ✅ Saved IPAR
[2025-05-03 00:48:11,915: WARNING/ForkPoolWorker-7] ✅ Saved IPGP
[2025-05-03 00:48:12,291: WARNING/ForkPoolWorker-7] ✅ Saved IPHA
[2025-05-03 00:48:13,486: WARNING/ForkPoolWorker-7] ✅ Saved IPW
[2025-05-03 00:48:13,544: WARNING/ForkPoolWorker-7] ✅ Saved IPM
[2025-05-03 00:48:14,250: WARNING/ForkPoolWorker-7] ✅ Saved IPSC
[2025-05-03 00:48:14,932: WARNING/ForkPoolWorker-7] ✅ Saved IPWR
[2025-05-03 00:48:15,240: WARNING/ForkPoolWorker-7] ✅ Saved IPX
[2025-05-03 00:48:15,695: WARNING/ForkPoolWorker-7] ✅ Saved IQ
[2025-05-03 00:48:16,334: WARNING/ForkPoolWorker-7] ✅ Saved IRBT
[2025-05-03 00:48:17,219: WARNING/ForkPoolWorker-7] ✅ Saved IRD
[2025-05-03 00:48:17,278: WARNING/ForkPoolWorker-7] ✅ Saved IRDM
[2025-05-03 00:48:17,898: WARNING/ForkPoolWorker-7] ✅ Saved IREN
[2025-05-03 00:48:18,101: WARNING/ForkPoolWorker-7] ✅ Saved IRIX
[2025-05-03 00:48:18,604: WARNING/ForkPoolWorker-7] ✅ Saved IRMD
[2025-05-03 00:48:20,075: WARNING/ForkPoolWorker-7] ✅ Saved IROHR
[2025-05-03 00:48:20,269: WARNING/ForkPoolWorker-7] ✅ Saved IROH
[2025-05-03 00:48:21,330: WARNING/ForkPoolWorker-7] ✅ Saved IROQ
[2025-05-03 00:48:21,395: WARNING/ForkPoolWorker-7] ✅ Saved IRON
[2025-05-03 00:48:21,667: WARNING/ForkPoolWorker-7] ✅ Saved IROHU
[2025-05-03 00:48:22,703: WARNING/ForkPoolWorker-7] ✅ Saved IRWD
[2025-05-03 00:48:23,500: WARNING/ForkPoolWorker-7] ✅ Saved IRTC
[2025-05-03 00:48:23,878: WARNING/ForkPoolWorker-7] ✅ Saved ISPO
[2025-05-03 00:48:24,229: WARNING/ForkPoolWorker-7] ✅ Saved ISPC
[2025-05-03 00:48:24,437: WARNING/ForkPoolWorker-7] ✅ Saved ISPR
[2025-05-03 00:48:25,956: WARNING/ForkPoolWorker-7] ✅ Saved ISRG
[2025-05-03 00:48:26,400: WARNING/ForkPoolWorker-7] ✅ Saved ISSC
[2025-05-03 00:48:27,064: WARNING/ForkPoolWorker-7] ✅ Saved ISRL
[2025-05-03 00:48:27,414: WARNING/ForkPoolWorker-7] ✅ Saved ISRLU
[2025-05-03 00:48:27,792: WARNING/ForkPoolWorker-7] ✅ Saved ISTR
[2025-05-03 00:48:28,672: WARNING/ForkPoolWorker-7] ✅ Saved ITIC
[2025-05-03 00:48:28,982: ERROR/ForkPoolWorker-7] $ITCI: possibly delisted; no price data found  (period=5d)
[2025-05-03 00:48:28,997: WARNING/ForkPoolWorker-7] ✅ Saved ITCI
[2025-05-03 00:48:30,302: WARNING/ForkPoolWorker-7] ✅ Saved ITRI
[2025-05-03 00:48:30,374: WARNING/ForkPoolWorker-7] ✅ Saved ITOS
[2025-05-03 00:48:30,751: WARNING/ForkPoolWorker-7] ✅ Saved ITRM
[2025-05-03 00:48:30,985: WARNING/ForkPoolWorker-7] ✅ Saved ITRN
[2025-05-03 00:48:32,205: WARNING/ForkPoolWorker-7] ✅ Saved IVA
[2025-05-03 00:48:32,561: WARNING/ForkPoolWorker-7] ✅ Saved IVCA
[2025-05-03 00:48:33,339: ERROR/ForkPoolWorker-7] $IVAC: possibly delisted; no price data found  (period=5d)
[2025-05-03 00:48:33,356: WARNING/ForkPoolWorker-7] ✅ Saved IVAC
[2025-05-03 00:48:33,572: WARNING/ForkPoolWorker-7] ✅ Saved IVCAU
[2025-05-03 00:48:34,446: WARNING/ForkPoolWorker-7] ✅ Saved IVDA
[2025-05-03 00:48:35,474: WARNING/ForkPoolWorker-7] ✅ Saved IVP
[2025-05-03 00:48:35,554: WARNING/ForkPoolWorker-7] ✅ Saved IVVD
[2025-05-03 00:48:35,697: WARNING/ForkPoolWorker-7] ✅ Saved IZEA
[2025-05-03 00:48:36,330: WARNING/ForkPoolWorker-7] ✅ Saved IXHL
[2025-05-03 00:48:37,355: WARNING/ForkPoolWorker-7] ✅ Saved IZM
[2025-05-03 00:48:37,887: WARNING/ForkPoolWorker-7] ✅ Saved JACK
[2025-05-03 00:48:37,919: WARNING/ForkPoolWorker-7] ✅ Saved JAGX
[2025-05-03 00:48:38,137: WARNING/ForkPoolWorker-7] ✅ Saved JAKK
[2025-05-03 00:48:39,194: WARNING/ForkPoolWorker-7] ✅ Saved JAMF
[2025-05-03 00:48:40,410: WARNING/ForkPoolWorker-7] ✅ Saved JANX
[2025-05-03 00:48:40,590: WARNING/ForkPoolWorker-7] ❌ Error processing JAZZ: database is locked
[2025-05-03 00:48:40,591: WARNING/ForkPoolWorker-7] ✅ Saved JBDI
[2025-05-03 00:48:41,186: WARNING/ForkPoolWorker-7] ✅ Saved JBHT
[2025-05-03 00:48:42,665: WARNING/ForkPoolWorker-7] ✅ Saved JBSS
[2025-05-03 00:48:42,831: WARNING/ForkPoolWorker-7] ✅ Saved JBLU
[2025-05-03 00:48:43,424: WARNING/ForkPoolWorker-7] ✅ Saved JCTC
[2025-05-03 00:48:43,524: WARNING/ForkPoolWorker-7] ✅ Saved JCSE
[2025-05-03 00:48:43,824: WARNING/ForkPoolWorker-7] ✅ Saved JD
[2025-05-03 00:48:44,822: WARNING/ForkPoolWorker-7] ✅ Saved JDZG
[2025-05-03 00:48:45,155: WARNING/ForkPoolWorker-7] ✅ Saved JFB
[2025-05-03 00:48:45,999: WARNING/ForkPoolWorker-7] ✅ Saved JFBR
[2025-05-03 00:48:46,482: WARNING/ForkPoolWorker-7] ✅ Saved JFU
[2025-05-03 00:48:46,870: WARNING/ForkPoolWorker-7] ✅ Saved JFIN
[2025-05-03 00:48:47,074: WARNING/ForkPoolWorker-7] ✅ Saved JG
[2025-05-03 00:48:48,496: WARNING/ForkPoolWorker-7] ✅ Saved JJSF
[2025-05-03 00:48:48,940: WARNING/ForkPoolWorker-7] ✅ Saved JL
[2025-05-03 00:48:48,960: WARNING/ForkPoolWorker-7] ✅ Saved JKHY
[2025-05-03 00:48:49,706: WARNING/ForkPoolWorker-7] ✅ Saved JMSB
[2025-05-03 00:48:50,188: WARNING/ForkPoolWorker-7] ✅ Saved JNVR
[2025-05-03 00:48:51,768: WARNING/ForkPoolWorker-7] ✅ Saved JOUT
[2025-05-03 00:48:52,004: WARNING/ForkPoolWorker-7] ✅ Saved JRSH
[2025-05-03 00:48:52,291: WARNING/ForkPoolWorker-7] ✅ Saved JOYY
[2025-05-03 00:48:52,963: WARNING/ForkPoolWorker-7] ✅ Saved JRVR
[2025-05-03 00:48:53,614: WARNING/ForkPoolWorker-7] ✅ Saved JSM
[2025-05-03 00:48:54,739: WARNING/ForkPoolWorker-7] ✅ Saved JUNE
[2025-05-03 00:48:54,889: WARNING/ForkPoolWorker-7] ✅ Saved JSPR
[2025-05-03 00:48:55,331: WARNING/ForkPoolWorker-7] ✅ Saved JTAI
[2025-05-03 00:48:55,417: WARNING/ForkPoolWorker-7] ✅ Saved JUNS
[2025-05-03 00:48:56,399: WARNING/ForkPoolWorker-7] ✅ Saved JVA
[2025-05-03 00:48:57,029: WARNING/ForkPoolWorker-7] ✅ Saved JVSA
[2025-05-03 00:48:57,646: WARNING/ForkPoolWorker-7] ✅ Saved JWEL
[2025-05-03 00:48:57,958: WARNING/ForkPoolWorker-7] ✅ Saved JVSAR
[2025-05-03 00:48:58,853: WARNING/ForkPoolWorker-7] ✅ Saved JXG
[2025-05-03 00:48:58,885: WARNING/ForkPoolWorker-7] ✅ Saved JVSAU
[2025-05-03 00:49:00,126: WARNING/ForkPoolWorker-7] ✅ Saved JYD
[2025-05-03 00:49:00,780: WARNING/ForkPoolWorker-7] ✅ Saved JYNT
[2025-05-03 00:49:01,152: WARNING/ForkPoolWorker-7] ✅ Saved JZXN
[2025-05-03 00:49:01,389: WARNING/ForkPoolWorker-7] ✅ Saved JZ
[2025-05-03 00:49:01,926: WARNING/ForkPoolWorker-7] ✅ Saved KALA
[2025-05-03 00:49:02,644: WARNING/ForkPoolWorker-7] ✅ Saved KALU
[2025-05-03 00:49:03,716: WARNING/ForkPoolWorker-7] ✅ Saved KAVL
[2025-05-03 00:49:04,124: WARNING/ForkPoolWorker-7] ✅ Saved KALV
[2025-05-03 00:49:04,462: WARNING/ForkPoolWorker-7] ✅ Saved KARO
[2025-05-03 00:49:05,305: WARNING/ForkPoolWorker-7] ✅ Saved KBSX
[2025-05-03 00:49:06,198: WARNING/ForkPoolWorker-7] ✅ Saved KC
[2025-05-03 00:49:07,034: WARNING/ForkPoolWorker-7] ❌ Error processing KE: database is locked
[2025-05-03 00:49:07,035: WARNING/ForkPoolWorker-7] ✅ Saved KDLY
[2025-05-03 00:49:07,389: WARNING/ForkPoolWorker-7] ✅ Saved KDP
[2025-05-03 00:49:08,366: WARNING/ForkPoolWorker-7] ✅ Saved KELYA
[2025-05-03 00:49:09,773: WARNING/ForkPoolWorker-7] ✅ Saved KELYB
[2025-05-03 00:49:09,921: WARNING/ForkPoolWorker-7] ✅ Saved KFFB
[2025-05-03 00:49:10,183: WARNING/ForkPoolWorker-7] ✅ Saved KFII
[2025-05-03 00:49:10,494: WARNING/ForkPoolWorker-7] ✅ Saved KEQU
[2025-05-03 00:49:12,155: WARNING/ForkPoolWorker-7] ✅ Saved KFIIR
[2025-05-03 00:49:12,338: WARNING/ForkPoolWorker-7] ✅ Saved KGEI
[2025-05-03 00:49:12,742: WARNING/ForkPoolWorker-7] ❌ Error processing KFIIU: database is locked
[2025-05-03 00:49:12,743: WARNING/ForkPoolWorker-7] ✅ Saved KHC
[2025-05-03 00:49:13,571: WARNING/ForkPoolWorker-7] ✅ Saved KIDS
[2025-05-03 00:49:14,611: WARNING/ForkPoolWorker-7] ✅ Saved KIRK
[2025-05-03 00:49:15,131: WARNING/ForkPoolWorker-7] ✅ Saved KINS
[2025-05-03 00:49:15,458: WARNING/ForkPoolWorker-7] ✅ Saved KITT
[2025-05-03 00:49:15,918: WARNING/ForkPoolWorker-7] ✅ Saved KLAC
[2025-05-03 00:49:16,170: WARNING/ForkPoolWorker-7] ✅ Saved KLIC
[2025-05-03 00:49:17,517: WARNING/ForkPoolWorker-7] ✅ Saved KLTO
[2025-05-03 00:49:17,804: WARNING/ForkPoolWorker-7] ✅ Saved KLRS
[2025-05-03 00:49:18,153: WARNING/ForkPoolWorker-7] ✅ Saved KLXE
[2025-05-03 00:49:18,896: WARNING/ForkPoolWorker-7] ✅ Saved KLTR
[2025-05-03 00:49:18,968: WARNING/ForkPoolWorker-7] ✅ Saved KMDA
[2025-05-03 00:49:20,491: WARNING/ForkPoolWorker-7] ✅ Saved KMTS
[2025-05-03 00:49:20,907: WARNING/ForkPoolWorker-7] ✅ Saved KNDI
[2025-05-03 00:49:21,291: WARNING/ForkPoolWorker-7] ✅ Saved KNSA
[2025-05-03 00:49:21,517: WARNING/ForkPoolWorker-7] ✅ Saved KOD
[2025-05-03 00:49:21,556: WARNING/ForkPoolWorker-7] ✅ Saved KOPN
[2025-05-03 00:49:22,845: WARNING/ForkPoolWorker-7] ✅ Saved KOSS
[2025-05-03 00:49:24,095: WARNING/ForkPoolWorker-7] ✅ Saved KRKR
[2025-05-03 00:49:24,224: WARNING/ForkPoolWorker-7] ✅ Saved KPTI
[2025-05-03 00:49:24,287: WARNING/ForkPoolWorker-7] ✅ Saved KPRX
[2025-05-03 00:49:24,437: WARNING/ForkPoolWorker-7] ✅ Saved KPLT
[2025-05-03 00:49:26,413: WARNING/ForkPoolWorker-7] ✅ Saved KRMD
[2025-05-03 00:49:26,518: WARNING/ForkPoolWorker-7] ✅ Saved KRON
[2025-05-03 00:49:26,838: WARNING/ForkPoolWorker-7] ✅ Saved KRNT
[2025-05-03 00:49:27,389: WARNING/ForkPoolWorker-7] ✅ Saved KRNY
[2025-05-03 00:49:27,558: WARNING/ForkPoolWorker-7] ✅ Saved KROS
[2025-05-03 00:49:28,569: WARNING/ForkPoolWorker-7] ✅ Saved KRRO
[2025-05-03 00:49:29,027: WARNING/ForkPoolWorker-7] ✅ Saved KRUS
[2025-05-03 00:49:29,858: WARNING/ForkPoolWorker-7] ✅ Saved KSCP
[2025-05-03 00:49:29,943: WARNING/ForkPoolWorker-7] ✅ Saved KRT
[2025-05-03 00:49:30,412: WARNING/ForkPoolWorker-7] ✅ Saved KRYS
[2025-05-03 00:49:32,121: WARNING/ForkPoolWorker-7] ✅ Saved KSPI
[2025-05-03 00:49:32,398: WARNING/ForkPoolWorker-7] ✅ Saved KTTA
[2025-05-03 00:49:32,526: WARNING/ForkPoolWorker-7] ✅ Saved KTCC
[2025-05-03 00:49:32,636: WARNING/ForkPoolWorker-7] ✅ Saved KTOS
[2025-05-03 00:49:33,308: WARNING/ForkPoolWorker-7] ✅ Saved KURA
[2025-05-03 00:49:35,319: WARNING/ForkPoolWorker-7] ✅ Saved KVHI
[2025-05-03 00:49:35,433: WARNING/ForkPoolWorker-7] ✅ Saved KVAC
[2025-05-03 00:49:35,562: WARNING/ForkPoolWorker-7] ✅ Saved KWE
[2025-05-03 00:49:35,975: WARNING/ForkPoolWorker-7] ✅ Saved KVACU
[2025-05-03 00:49:36,980: WARNING/ForkPoolWorker-7] ✅ Saved KWESW
[2025-05-03 00:49:37,764: WARNING/ForkPoolWorker-7] ✅ Saved KYTX
[2025-05-03 00:49:38,253: WARNING/ForkPoolWorker-7] ✅ Saved KXIN
[2025-05-03 00:49:38,614: WARNING/ForkPoolWorker-7] ✅ Saved KZIA
[2025-05-03 00:49:38,851: WARNING/ForkPoolWorker-7] ✅ Saved KYMR
[2025-05-03 00:49:39,176: WARNING/ForkPoolWorker-7] ✅ Saved KZR
[2025-05-03 00:49:41,237: WARNING/ForkPoolWorker-7] ✅ Saved LAES
[2025-05-03 00:49:41,247: WARNING/ForkPoolWorker-7] ✅ Saved LAB
[2025-05-03 00:49:41,568: WARNING/ForkPoolWorker-7] ✅ Saved LAKE
[2025-05-03 00:49:42,286: WARNING/ForkPoolWorker-7] ❌ Error processing LAMR: database is locked
[2025-05-03 00:49:42,286: WARNING/ForkPoolWorker-7] ✅ Saved LANC
[2025-05-03 00:49:44,025: WARNING/ForkPoolWorker-7] ✅ Saved LANDO
[2025-05-03 00:49:44,393: WARNING/ForkPoolWorker-7] ✅ Saved LAND
[2025-05-03 00:49:44,618: WARNING/ForkPoolWorker-7] ✅ Saved LANDM
[2025-05-03 00:49:45,362: WARNING/ForkPoolWorker-7] ✅ Saved LANDP
[2025-05-03 00:49:45,489: WARNING/ForkPoolWorker-7] ✅ Saved LARK
[2025-05-03 00:49:46,168: WARNING/ForkPoolWorker-7] ✅ Saved LASE
[2025-05-03 00:49:47,503: WARNING/ForkPoolWorker-7] ✅ Saved LAUR
[2025-05-03 00:49:47,535: WARNING/ForkPoolWorker-7] ✅ Saved LAZR
[2025-05-03 00:49:47,933: WARNING/ForkPoolWorker-7] ❌ Error processing LBGJ: database is locked
[2025-05-03 00:49:47,934: WARNING/ForkPoolWorker-7] ✅ Saved LASR
[2025-05-03 00:49:48,552: WARNING/ForkPoolWorker-7] ✅ Saved LBRDA
[2025-05-03 00:49:49,653: WARNING/ForkPoolWorker-7] ✅ Saved LBRDK
[2025-05-03 00:49:51,225: WARNING/ForkPoolWorker-7] ❌ Error processing LBTYB: database is locked
[2025-05-03 00:49:51,226: WARNING/ForkPoolWorker-7] ✅ Saved LBTYA
[2025-05-03 00:49:51,361: WARNING/ForkPoolWorker-7] ✅ Saved LBRDP
[2025-05-03 00:49:51,860: WARNING/ForkPoolWorker-7] ✅ Saved LBTYK
[2025-05-03 00:49:52,973: WARNING/ForkPoolWorker-7] ✅ Saved LCFY
[2025-05-03 00:49:53,453: WARNING/ForkPoolWorker-7] ✅ Saved LCID
[2025-05-03 00:49:54,175: WARNING/ForkPoolWorker-7] ✅ Saved LCNB
[2025-05-03 00:49:54,482: WARNING/ForkPoolWorker-7] ✅ Saved LCUT
[2025-05-03 00:49:54,606: WARNING/ForkPoolWorker-7] ✅ Saved LDTC
[2025-05-03 00:49:55,798: WARNING/ForkPoolWorker-7] ✅ Saved LDWY
[2025-05-03 00:49:56,235: WARNING/ForkPoolWorker-7] ✅ Saved LE
[2025-05-03 00:49:56,974: WARNING/ForkPoolWorker-7] ❌ Error processing LEDS: database is locked
[2025-05-03 00:49:56,976: WARNING/ForkPoolWorker-7] ✅ Saved LEE
[2025-05-03 00:49:57,122: WARNING/ForkPoolWorker-7] ✅ Saved LECO
[2025-05-03 00:49:58,683: WARNING/ForkPoolWorker-7] ✅ Saved LEGH
[2025-05-03 00:49:59,378: WARNING/ForkPoolWorker-7] ✅ Saved LEXX
[2025-05-03 00:49:59,399: WARNING/ForkPoolWorker-7] ✅ Saved LEGN
[2025-05-03 00:50:00,086: WARNING/ForkPoolWorker-7] ✅ Saved LESL
[2025-05-03 00:50:00,453: WARNING/ForkPoolWorker-7] ✅ Saved LENZ
[2025-05-03 00:50:02,152: WARNING/ForkPoolWorker-7] ✅ Saved LFCR
[2025-05-03 00:50:02,237: WARNING/ForkPoolWorker-7] ✅ Saved LFMD
[2025-05-03 00:50:03,088: WARNING/ForkPoolWorker-7] ✅ Saved LFMDP
[2025-05-03 00:50:03,476: WARNING/ForkPoolWorker-7] ✅ Saved LFST
[2025-05-03 00:50:03,751: WARNING/ForkPoolWorker-7] ✅ Saved LFUS
[2025-05-03 00:50:05,248: WARNING/ForkPoolWorker-7] ✅ Saved LFVN
[2025-05-03 00:50:05,264: WARNING/ForkPoolWorker-7] ✅ Saved LFWD
[2025-05-03 00:50:06,166: WARNING/ForkPoolWorker-7] ✅ Saved LGCB
[2025-05-03 00:50:06,253: WARNING/ForkPoolWorker-7] ✅ Saved LGCL
[2025-05-03 00:50:07,362: WARNING/ForkPoolWorker-7] ✅ Saved LGHL
[2025-05-03 00:50:07,436: WARNING/ForkPoolWorker-7] ✅ Saved LGMK
[2025-05-03 00:50:08,139: WARNING/ForkPoolWorker-7] ✅ Saved LGIH
[2025-05-03 00:50:08,425: WARNING/ForkPoolWorker-7] ✅ Saved LGO
[2025-05-03 00:50:08,617: WARNING/ForkPoolWorker-7] ✅ Saved LGND
[2025-05-03 00:50:10,292: WARNING/ForkPoolWorker-7] ✅ Saved LGVN
[2025-05-03 00:50:10,703: WARNING/ForkPoolWorker-7] ✅ Saved LICN
[2025-05-03 00:50:10,829: WARNING/ForkPoolWorker-7] ✅ Saved LIDR
[2025-05-03 00:50:10,849: WARNING/ForkPoolWorker-7] ✅ Saved LI
[2025-05-03 00:50:10,978: ERROR/ForkPoolWorker-7] $LGTY: possibly delisted; no price data found  (period=5d)
[2025-05-03 00:50:10,994: WARNING/ForkPoolWorker-7] ✅ Saved LGTY
[2025-05-03 00:50:13,682: WARNING/ForkPoolWorker-7] ✅ Saved LIF
[2025-05-03 00:50:13,789: WARNING/ForkPoolWorker-7] ✅ Saved LILA
[2025-05-03 00:50:13,841: WARNING/ForkPoolWorker-7] ❌ Error processing LILAK: database is locked
[2025-05-03 00:50:13,842: WARNING/ForkPoolWorker-7] ✅ Saved LIEN
[2025-05-03 00:50:13,982: WARNING/ForkPoolWorker-7] ✅ Saved LIN
[2025-05-03 00:50:16,650: WARNING/ForkPoolWorker-7] ✅ Saved LINC
[2025-05-03 00:50:16,785: WARNING/ForkPoolWorker-7] ✅ Saved LION
[2025-05-03 00:50:16,799: WARNING/ForkPoolWorker-7] ❌ Error processing LIND: database is locked
[2025-05-03 00:50:16,801: WARNING/ForkPoolWorker-7] ✅ Saved LINK
[2025-05-03 00:50:16,974: WARNING/ForkPoolWorker-7] ✅ Saved LINE
[2025-05-03 00:50:19,475: WARNING/ForkPoolWorker-7] ✅ Saved LIPO
[2025-05-03 00:50:19,765: WARNING/ForkPoolWorker-7] ❌ Error processing LIVE: database is locked
[2025-05-03 00:50:19,775: WARNING/ForkPoolWorker-7] ✅ Saved LIQT
[2025-05-03 00:50:19,776: WARNING/ForkPoolWorker-7] ✅ Saved LITM
[2025-05-03 00:50:20,215: WARNING/ForkPoolWorker-7] ✅ Saved LITE
[2025-05-03 00:50:22,393: WARNING/ForkPoolWorker-7] ✅ Saved LKFN
[2025-05-03 00:50:22,625: WARNING/ForkPoolWorker-7] ✅ Saved LLYVA
[2025-05-03 00:50:22,683: WARNING/ForkPoolWorker-7] ❌ Error processing LIXT: database is locked
[2025-05-03 00:50:22,684: WARNING/ForkPoolWorker-7] ✅ Saved LKQ
[2025-05-03 00:50:22,707: WARNING/ForkPoolWorker-7] ✅ Saved LIVN
[2025-05-03 00:50:25,213: WARNING/ForkPoolWorker-7] ✅ Saved LMB
[2025-05-03 00:50:25,253: WARNING/ForkPoolWorker-7] ✅ Saved LMFA
[2025-05-03 00:50:25,456: WARNING/ForkPoolWorker-7] ✅ Saved LLYVK
[2025-05-03 00:50:25,547: WARNING/ForkPoolWorker-7] ✅ Saved LMNR
[2025-05-03 00:50:25,683: WARNING/ForkPoolWorker-7] ✅ Saved LMAT
[2025-05-03 00:50:27,576: WARNING/ForkPoolWorker-7] ❌ Error processing LNSR: database is locked
[2025-05-03 00:50:27,583: WARNING/ForkPoolWorker-7] ✅ Saved LNKB
[2025-05-03 00:50:27,584: WARNING/ForkPoolWorker-7] ✅ Saved LNKS
[2025-05-03 00:50:28,146: WARNING/ForkPoolWorker-7] ✅ Saved LNT
[2025-05-03 00:50:28,739: WARNING/ForkPoolWorker-7] ✅ Saved LNTH
[2025-05-03 00:50:30,296: WARNING/ForkPoolWorker-7] ✅ Saved LOAN
[2025-05-03 00:50:30,481: WARNING/ForkPoolWorker-7] ✅ Saved LNW
[2025-05-03 00:50:30,955: WARNING/ForkPoolWorker-7] ✅ Saved LOBO
[2025-05-03 00:50:31,143: WARNING/ForkPoolWorker-7] ✅ Saved LNZA
[2025-05-03 00:50:31,783: WARNING/ForkPoolWorker-7] ✅ Saved LOCO
[2025-05-03 00:50:33,137: WARNING/ForkPoolWorker-7] ✅ Saved LOGC
[2025-05-03 00:50:33,904: WARNING/ForkPoolWorker-7] ✅ Saved LOGI
[2025-05-03 00:50:34,232: WARNING/ForkPoolWorker-7] ✅ Saved LOPE
[2025-05-03 00:50:34,242: WARNING/ForkPoolWorker-7] ✅ Saved LOKVU
[2025-05-03 00:50:34,342: WARNING/ForkPoolWorker-7] ✅ Saved LOOP
[2025-05-03 00:50:35,480: WARNING/ForkPoolWorker-7] ✅ Saved LOT
[2025-05-03 00:50:36,565: WARNING/ForkPoolWorker-7] ✅ Saved LPAA
[2025-05-03 00:50:36,663: WARNING/ForkPoolWorker-7] ✅ Saved LPBB
[2025-05-03 00:50:37,178: WARNING/ForkPoolWorker-7] ✅ Saved LOVE
[2025-05-03 00:50:37,310: ERROR/ForkPoolWorker-7] $LPAAU: possibly delisted; no price data found  (period=5d)
[2025-05-03 00:50:37,317: WARNING/ForkPoolWorker-7] ✅ Saved LPAAU
[2025-05-03 00:50:38,803: WARNING/ForkPoolWorker-7] ✅ Saved LPBBU
[2025-05-03 00:50:39,105: WARNING/ForkPoolWorker-7] ✅ Saved LPCN
[2025-05-03 00:50:39,961: WARNING/ForkPoolWorker-7] ✅ Saved LPLA
[2025-05-03 00:50:39,990: WARNING/ForkPoolWorker-7] ✅ Saved LPSN
[2025-05-03 00:50:40,056: WARNING/ForkPoolWorker-7] ✅ Saved LPRO
[2025-05-03 00:50:42,056: WARNING/ForkPoolWorker-7] ✅ Saved LPTH
[2025-05-03 00:50:42,198: WARNING/ForkPoolWorker-7] ✅ Saved LPTX
[2025-05-03 00:50:42,205: WARNING/ForkPoolWorker-7] ✅ Saved LRCX
[2025-05-03 00:50:43,344: WARNING/ForkPoolWorker-7] ✅ Saved LQDT
[2025-05-03 00:50:43,379: WARNING/ForkPoolWorker-7] ✅ Saved LQDA
[2025-05-03 00:50:44,891: WARNING/ForkPoolWorker-7] ✅ Saved LRFC
[2025-05-03 00:50:45,268: WARNING/ForkPoolWorker-7] ❌ Error processing LRHC: database is locked
[2025-05-03 00:50:45,269: WARNING/ForkPoolWorker-7] ✅ Saved LRE
[2025-05-03 00:50:45,889: WARNING/ForkPoolWorker-7] ✅ Saved LSAK
[2025-05-03 00:50:46,354: WARNING/ForkPoolWorker-7] ✅ Saved LRMR
[2025-05-03 00:50:47,521: WARNING/ForkPoolWorker-7] ✅ Saved LSCC
[2025-05-03 00:50:48,336: WARNING/ForkPoolWorker-7] ✅ Saved LSB
[2025-05-03 00:50:48,563: WARNING/ForkPoolWorker-7] ✅ Saved LSE
[2025-05-03 00:50:48,606: WARNING/ForkPoolWorker-7] ✅ Saved LSBK
[2025-05-03 00:50:49,443: WARNING/ForkPoolWorker-7] ✅ Saved LSEA
[2025-05-03 00:50:50,074: WARNING/ForkPoolWorker-7] ✅ Saved LSH
[2025-05-03 00:50:51,604: WARNING/ForkPoolWorker-7] ✅ Saved LSTA
[2025-05-03 00:50:52,119: WARNING/ForkPoolWorker-7] ✅ Saved LSTR
[2025-05-03 00:50:52,277: WARNING/ForkPoolWorker-7] ❌ Error processing LTRN: database is locked
[2025-05-03 00:50:52,278: WARNING/ForkPoolWorker-7] ✅ Saved LTBR
[2025-05-03 00:50:53,585: WARNING/ForkPoolWorker-7] ✅ Saved LTRX
[2025-05-03 00:50:53,976: WARNING/ForkPoolWorker-7] ✅ Saved LTRY
[2025-05-03 00:50:54,477: WARNING/ForkPoolWorker-7] ✅ Saved LUCY
[2025-05-03 00:50:54,948: WARNING/ForkPoolWorker-7] ✅ Saved LUCD
[2025-05-03 00:50:55,053: WARNING/ForkPoolWorker-7] ✅ Saved LULU
[2025-05-03 00:50:56,421: WARNING/ForkPoolWorker-7] ✅ Saved LUNG
[2025-05-03 00:50:56,750: WARNING/ForkPoolWorker-7] ✅ Saved LUNR
[2025-05-03 00:50:57,170: WARNING/ForkPoolWorker-7] ✅ Saved LVLU
[2025-05-03 00:50:57,740: WARNING/ForkPoolWorker-7] ✅ Saved LVO
[2025-05-03 00:50:58,311: WARNING/ForkPoolWorker-7] ✅ Saved LVRO
[2025-05-03 00:50:59,269: WARNING/ForkPoolWorker-7] ✅ Saved LVTX
[2025-05-03 00:50:59,378: WARNING/ForkPoolWorker-7] ✅ Saved LWAY
[2025-05-03 00:50:59,662: WARNING/ForkPoolWorker-7] ✅ Saved LWLG
[2025-05-03 00:51:00,612: WARNING/ForkPoolWorker-7] ✅ Saved LX
[2025-05-03 00:51:01,127: WARNING/ForkPoolWorker-7] ✅ Saved LXEH
[2025-05-03 00:51:01,818: WARNING/ForkPoolWorker-7] ✅ Saved LXRX
[2025-05-03 00:51:02,665: WARNING/ForkPoolWorker-7] ✅ Saved LXEO
[2025-05-03 00:51:03,114: WARNING/ForkPoolWorker-7] ✅ Saved LYEL
[2025-05-03 00:51:03,480: WARNING/ForkPoolWorker-7] ✅ Saved LYFT
[2025-05-03 00:51:04,214: WARNING/ForkPoolWorker-7] ✅ Saved LYRA
[2025-05-03 00:51:05,022: WARNING/ForkPoolWorker-7] ✅ Saved LYTS
[2025-05-03 00:51:06,044: WARNING/ForkPoolWorker-7] ❌ Error processing LZMH: database is locked
[2025-05-03 00:51:06,045: WARNING/ForkPoolWorker-7] ✅ Saved LZ
[2025-05-03 00:51:07,014: WARNING/ForkPoolWorker-7] ✅ Saved MACI
[2025-05-03 00:51:07,130: WARNING/ForkPoolWorker-7] ✅ Saved MAMA
[2025-05-03 00:51:07,733: ERROR/ForkPoolWorker-7] $MACIU: possibly delisted; no price data found  (period=5d)
[2025-05-03 00:51:07,748: WARNING/ForkPoolWorker-7] ✅ Saved MACIU
[2025-05-03 00:51:09,420: WARNING/ForkPoolWorker-7] ✅ Saved MAMO
[2025-05-03 00:51:09,485: WARNING/ForkPoolWorker-7] ✅ Saved MANH
[2025-05-03 00:51:09,932: WARNING/ForkPoolWorker-7] ✅ Saved MAR
[2025-05-03 00:51:10,108: WARNING/ForkPoolWorker-7] ✅ Saved MARA
[2025-05-03 00:51:10,351: WARNING/ForkPoolWorker-7] ✅ Saved MAPS
[2025-05-03 00:51:12,003: WARNING/ForkPoolWorker-7] ✅ Saved MASI
[2025-05-03 00:51:12,274: WARNING/ForkPoolWorker-7] ✅ Saved MARPS
[2025-05-03 00:51:12,621: WARNING/ForkPoolWorker-7] ✅ Saved MASK
[2025-05-03 00:51:12,689: WARNING/ForkPoolWorker-7] ✅ Saved MASS
[2025-05-03 00:51:13,670: WARNING/ForkPoolWorker-7] ✅ Saved MAT
[2025-05-03 00:51:14,144: WARNING/ForkPoolWorker-7] ✅ Saved MATH
[2025-05-03 00:51:14,875: WARNING/ForkPoolWorker-7] ✅ Saved MAXN
[2025-05-03 00:51:15,454: WARNING/ForkPoolWorker-7] ✅ Saved MATW
[2025-05-03 00:51:15,761: WARNING/ForkPoolWorker-7] ✅ Saved MAYA
[2025-05-03 00:51:16,782: WARNING/ForkPoolWorker-7] ✅ Saved MAYAU
[2025-05-03 00:51:17,206: ERROR/ForkPoolWorker-7] $MAYAR: possibly delisted; no price data found  (period=5d)
[2025-05-03 00:51:17,221: WARNING/ForkPoolWorker-7] ✅ Saved MAYAR
[2025-05-03 00:51:18,153: WARNING/ForkPoolWorker-7] ✅ Saved MAYS
[2025-05-03 00:51:18,629: WARNING/ForkPoolWorker-7] ✅ Saved MAZE
[2025-05-03 00:51:19,253: WARNING/ForkPoolWorker-7] ✅ Saved MBAV
[2025-05-03 00:51:19,756: WARNING/ForkPoolWorker-7] ✅ Saved MBCN
[2025-05-03 00:51:19,911: WARNING/ForkPoolWorker-7] ✅ Saved MBAVU
[2025-05-03 00:51:20,604: WARNING/ForkPoolWorker-7] ✅ Saved MBIN
[2025-05-03 00:51:21,529: WARNING/ForkPoolWorker-7] ✅ Saved MBIO
[2025-05-03 00:51:22,006: WARNING/ForkPoolWorker-7] ✅ Saved MBLY
[2025-05-03 00:51:23,063: WARNING/ForkPoolWorker-7] ✅ Saved MBNKP
[2025-05-03 00:51:23,316: WARNING/ForkPoolWorker-7] ✅ Saved MBOT
[2025-05-03 00:51:24,070: WARNING/ForkPoolWorker-7] ✅ Saved MBRX
[2025-05-03 00:51:24,759: WARNING/ForkPoolWorker-7] ✅ Saved MBUU
[2025-05-03 00:51:25,701: WARNING/ForkPoolWorker-7] ✅ Saved MBWM
[2025-05-03 00:51:25,930: WARNING/ForkPoolWorker-7] ✅ Saved MBX
[2025-05-03 00:51:26,510: WARNING/ForkPoolWorker-7] ✅ Saved MCBS
[2025-05-03 00:51:26,939: WARNING/ForkPoolWorker-7] ✅ Saved MCHP
[2025-05-03 00:51:27,159: WARNING/ForkPoolWorker-7] ✅ Saved MCFT
[2025-05-03 00:51:28,372: WARNING/ForkPoolWorker-7] ✅ Saved MCHX
[2025-05-03 00:51:29,257: WARNING/ForkPoolWorker-7] ✅ Saved MCTR
[2025-05-03 00:51:29,441: WARNING/ForkPoolWorker-7] ✅ Saved MCRB
[2025-05-03 00:51:29,971: WARNING/ForkPoolWorker-7] ✅ Saved MCRI
[2025-05-03 00:51:30,663: WARNING/ForkPoolWorker-7] ✅ Saved MCVT
[2025-05-03 00:51:31,424: WARNING/ForkPoolWorker-7] ✅ Saved MCW
[2025-05-03 00:51:32,479: WARNING/ForkPoolWorker-7] ✅ Saved MDBH
[2025-05-03 00:51:32,597: WARNING/ForkPoolWorker-7] ✅ Saved MDAI
[2025-05-03 00:51:32,949: WARNING/ForkPoolWorker-7] ❌ Error processing MDB: database is locked
[2025-05-03 00:51:32,950: WARNING/ForkPoolWorker-7] ✅ Saved MDCX
[2025-05-03 00:51:34,065: WARNING/ForkPoolWorker-7] ✅ Saved MDGL
[2025-05-03 00:51:35,145: WARNING/ForkPoolWorker-7] ✅ Saved MDIA
[2025-05-03 00:51:35,515: WARNING/ForkPoolWorker-7] ✅ Saved MDRR
[2025-05-03 00:51:35,738: WARNING/ForkPoolWorker-7] ✅ Saved MDLZ
[2025-05-03 00:51:36,504: WARNING/ForkPoolWorker-7] ✅ Saved MDIV
[2025-05-03 00:51:37,236: WARNING/ForkPoolWorker-7] ✅ Saved MDWD
[2025-05-03 00:51:37,355: WARNING/ForkPoolWorker-7] ✅ Saved MDXG
[2025-05-03 00:51:38,556: WARNING/ForkPoolWorker-7] ✅ Saved MDXH
[2025-05-03 00:51:38,914: WARNING/ForkPoolWorker-7] ✅ Saved MEGL
[2025-05-03 00:51:38,994: WARNING/ForkPoolWorker-7] ✅ Saved MEDP
[2025-05-03 00:51:40,565: WARNING/ForkPoolWorker-7] ✅ Saved MEIP
[2025-05-03 00:51:40,588: WARNING/ForkPoolWorker-7] ✅ Saved MELI
[2025-05-03 00:51:41,273: WARNING/ForkPoolWorker-7] ❌ Error processing MEOH: database is locked
[2025-05-03 00:51:41,275: WARNING/ForkPoolWorker-7] ✅ Saved MERC
[2025-05-03 00:51:42,085: WARNING/ForkPoolWorker-7] ✅ Saved MESA
[2025-05-03 00:51:42,831: WARNING/ForkPoolWorker-7] ✅ Saved MESO
[2025-05-03 00:51:44,003: WARNING/ForkPoolWorker-7] ✅ Saved METCB
[2025-05-03 00:51:44,042: WARNING/ForkPoolWorker-7] ✅ Saved META
[2025-05-03 00:51:44,715: WARNING/ForkPoolWorker-7] ✅ Saved METC
[2025-05-03 00:51:45,921: WARNING/ForkPoolWorker-7] ✅ Saved METCL
[2025-05-03 00:51:47,022: WARNING/ForkPoolWorker-7] ❌ Error processing METCZ: database is locked
[2025-05-03 00:51:47,023: WARNING/ForkPoolWorker-7] ✅ Saved MFH
[2025-05-03 00:51:47,686: WARNING/ForkPoolWorker-7] ✅ Saved METU
[2025-05-03 00:51:47,998: WARNING/ForkPoolWorker-7] ✅ Saved METD
[2025-05-03 00:51:48,794: WARNING/ForkPoolWorker-7] ✅ Saved MFI
[2025-05-03 00:51:49,705: WARNING/ForkPoolWorker-7] ✅ Saved MFIC
[2025-05-03 00:51:50,470: WARNING/ForkPoolWorker-7] ✅ Saved MGEE
[2025-05-03 00:51:50,623: WARNING/ForkPoolWorker-7] ✅ Saved MFIN
[2025-05-03 00:51:50,698: WARNING/ForkPoolWorker-7] ✅ Saved MFICL
[2025-05-03 00:51:51,290: WARNING/ForkPoolWorker-7] ✅ Saved MGIC
[2025-05-03 00:51:52,311: WARNING/ForkPoolWorker-7] ✅ Saved MGIH
[2025-05-03 00:51:52,878: WARNING/ForkPoolWorker-7] ✅ Saved MGPI
[2025-05-03 00:51:53,055: WARNING/ForkPoolWorker-7] ✅ Saved MGNI
[2025-05-03 00:51:53,422: WARNING/ForkPoolWorker-7] ✅ Saved MGNX
[2025-05-03 00:51:54,248: WARNING/ForkPoolWorker-7] ✅ Saved MGRC
[2025-05-03 00:51:55,432: WARNING/ForkPoolWorker-7] ✅ Saved MGRX
[2025-05-03 00:51:55,540: WARNING/ForkPoolWorker-7] ✅ Saved MGX
[2025-05-03 00:51:55,737: WARNING/ForkPoolWorker-7] ✅ Saved MGRM
[2025-05-03 00:51:56,233: WARNING/ForkPoolWorker-7] ✅ Saved MGTX
[2025-05-03 00:51:57,060: WARNING/ForkPoolWorker-7] ✅ Saved MGYR
[2025-05-03 00:51:58,071: WARNING/ForkPoolWorker-7] ✅ Saved MHUA
[2025-05-03 00:51:58,205: WARNING/ForkPoolWorker-7] ✅ Saved MIDD
[2025-05-03 00:51:58,357: WARNING/ForkPoolWorker-7] ✅ Saved MHLD
[2025-05-03 00:51:59,647: WARNING/ForkPoolWorker-7] ✅ Saved MIGI
[2025-05-03 00:52:00,548: WARNING/ForkPoolWorker-7] ✅ Saved MIMI
[2025-05-03 00:52:01,305: WARNING/ForkPoolWorker-7] ✅ Saved MIRA
[2025-05-03 00:52:01,572: WARNING/ForkPoolWorker-7] ✅ Saved MIRM
[2025-05-03 00:52:01,636: WARNING/ForkPoolWorker-7] ✅ Saved MIND
[2025-05-03 00:52:01,763: WARNING/ForkPoolWorker-7] ✅ Saved MIST
[2025-05-03 00:52:02,916: WARNING/ForkPoolWorker-7] ✅ Saved MITK
[2025-05-03 00:52:03,428: WARNING/ForkPoolWorker-7] ✅ Saved MKDW
[2025-05-03 00:52:04,178: WARNING/ForkPoolWorker-7] ✅ Saved MKTX
[2025-05-03 00:52:04,668: WARNING/ForkPoolWorker-7] ✅ Saved MKSI
[2025-05-03 00:52:04,968: WARNING/ForkPoolWorker-7] ✅ Saved MKTW
[2025-05-03 00:52:05,855: WARNING/ForkPoolWorker-7] ✅ Saved MLAB
[2025-05-03 00:52:06,302: WARNING/ForkPoolWorker-7] ✅ Saved MKZR
[2025-05-03 00:52:06,763: ERROR/ForkPoolWorker-7] $MLACR: possibly delisted; no price data found  (period=5d)
[2025-05-03 00:52:06,771: WARNING/ForkPoolWorker-7] ✅ Saved MLACR
[2025-05-03 00:52:07,386: WARNING/ForkPoolWorker-7] ✅ Saved MLAC
[2025-05-03 00:52:08,572: WARNING/ForkPoolWorker-7] ✅ Saved MLACU
[2025-05-03 00:52:08,625: WARNING/ForkPoolWorker-7] ✅ Saved MLCO
[2025-05-03 00:52:09,321: WARNING/ForkPoolWorker-7] ✅ Saved MLEC
[2025-05-03 00:52:09,949: WARNING/ForkPoolWorker-7] ✅ Saved MLGO
[2025-05-03 00:52:10,720: WARNING/ForkPoolWorker-7] ✅ Saved MLKN
[2025-05-03 00:52:10,881: WARNING/ForkPoolWorker-7] ✅ Saved MLTX
[2025-05-03 00:52:11,869: WARNING/ForkPoolWorker-7] ✅ Saved MMLP
[2025-05-03 00:52:11,935: WARNING/ForkPoolWorker-7] ✅ Saved MLYS
[2025-05-03 00:52:12,899: WARNING/ForkPoolWorker-7] ✅ Saved MMYT
[2025-05-03 00:52:13,418: WARNING/ForkPoolWorker-7] ✅ Saved MMSI
[2025-05-03 00:52:13,813: WARNING/ForkPoolWorker-7] ✅ Saved MNDO
[2025-05-03 00:52:14,260: WARNING/ForkPoolWorker-7] ✅ Saved MNDY
[2025-05-03 00:52:14,369: WARNING/ForkPoolWorker-7] ✅ Saved MNDR
[2025-05-03 00:52:15,092: WARNING/ForkPoolWorker-7] ✅ Saved MNKD
[2025-05-03 00:52:16,912: WARNING/ForkPoolWorker-7] ✅ Saved MNMD
[2025-05-03 00:52:17,320: WARNING/ForkPoolWorker-7] ✅ Saved MNRO
[2025-05-03 00:52:17,381: WARNING/ForkPoolWorker-7] ✅ Saved MNOV
[2025-05-03 00:52:17,438: WARNING/ForkPoolWorker-7] ✅ Saved MNPR
[2025-05-03 00:52:18,016: WARNING/ForkPoolWorker-7] ✅ Saved MNSB
[2025-05-03 00:52:20,060: WARNING/ForkPoolWorker-7] ✅ Saved MNY
[2025-05-03 00:52:20,112: WARNING/ForkPoolWorker-7] ✅ Saved MNST
[2025-05-03 00:52:20,196: WARNING/ForkPoolWorker-7] ✅ Saved MNTS
[2025-05-03 00:52:20,573: WARNING/ForkPoolWorker-7] ✅ Saved MNTK
[2025-05-03 00:52:21,284: WARNING/ForkPoolWorker-7] ✅ Saved MOB
[2025-05-03 00:52:22,263: WARNING/ForkPoolWorker-7] ✅ Saved MOBX
[2025-05-03 00:52:22,350: WARNING/ForkPoolWorker-7] ✅ Saved MODV
[2025-05-03 00:52:22,809: WARNING/ForkPoolWorker-7] ✅ Saved MODD
[2025-05-03 00:52:23,261: WARNING/ForkPoolWorker-7] ✅ Saved MOFG
[2025-05-03 00:52:24,625: WARNING/ForkPoolWorker-7] ✅ Saved MOGO
[2025-05-03 00:52:24,813: WARNING/ForkPoolWorker-7] ✅ Saved MOMO
[2025-05-03 00:52:24,826: WARNING/ForkPoolWorker-7] ✅ Saved MOLN
[2025-05-03 00:52:24,966: WARNING/ForkPoolWorker-7] ✅ Saved MORN
[2025-05-03 00:52:25,462: WARNING/ForkPoolWorker-7] ✅ Saved MOVE
[2025-05-03 00:52:27,630: WARNING/ForkPoolWorker-7] ✅ Saved MPAA
[2025-05-03 00:52:27,786: WARNING/ForkPoolWorker-7] ❌ Error processing MPWR: database is locked
[2025-05-03 00:52:27,787: WARNING/ForkPoolWorker-7] ✅ Saved MQ
[2025-05-03 00:52:27,808: WARNING/ForkPoolWorker-7] ✅ Saved MRAM
[2025-05-03 00:52:28,013: WARNING/ForkPoolWorker-7] ✅ Saved MPB
[2025-05-03 00:52:30,044: WARNING/ForkPoolWorker-7] ✅ Saved MRCY
[2025-05-03 00:52:30,366: WARNING/ForkPoolWorker-7] ✅ Saved MRBK
[2025-05-03 00:52:30,421: WARNING/ForkPoolWorker-7] ✅ Saved MREO
[2025-05-03 00:52:30,548: WARNING/ForkPoolWorker-7] ✅ Saved MRIN
[2025-05-03 00:52:31,059: WARNING/ForkPoolWorker-7] ✅ Saved MRCC
[2025-05-03 00:52:32,385: WARNING/ForkPoolWorker-7] ✅ Saved MRKR
[2025-05-03 00:52:32,775: WARNING/ForkPoolWorker-7] ✅ Saved MRNO
[2025-05-03 00:52:33,237: WARNING/ForkPoolWorker-7] ✅ Saved MRNA
[2025-05-03 00:52:33,814: WARNING/ForkPoolWorker-7] ✅ Saved MRM
[2025-05-03 00:52:34,195: WARNING/ForkPoolWorker-7] ✅ Saved MRSN
[2025-05-03 00:52:34,988: WARNING/ForkPoolWorker-7] ✅ Saved MRUS
[2025-05-03 00:52:35,104: WARNING/ForkPoolWorker-7] ✅ Saved MRTN
[2025-05-03 00:52:36,475: WARNING/ForkPoolWorker-7] ✅ Saved MRVI
[2025-05-03 00:52:36,876: WARNING/ForkPoolWorker-7] ✅ Saved MRX
[2025-05-03 00:52:37,156: WARNING/ForkPoolWorker-7] ✅ Saved MRVL
[2025-05-03 00:52:37,345: WARNING/ForkPoolWorker-7] ✅ Saved MSAI
[2025-05-03 00:52:38,520: WARNING/ForkPoolWorker-7] ✅ Saved MSBI
[2025-05-03 00:52:39,923: WARNING/ForkPoolWorker-7] ✅ Saved MSEX
[2025-05-03 00:52:40,362: WARNING/ForkPoolWorker-7] ✅ Saved MSFT
[2025-05-03 00:52:40,545: WARNING/ForkPoolWorker-7] ✅ Saved MSFD
[2025-05-03 00:52:40,858: WARNING/ForkPoolWorker-7] ✅ Saved MSFU
[2025-05-03 00:52:42,008: WARNING/ForkPoolWorker-7] ✅ Saved MSGM
[2025-05-03 00:52:42,161: WARNING/ForkPoolWorker-7] ✅ Saved MSPR
[2025-05-03 00:52:42,729: WARNING/ForkPoolWorker-7] ✅ Saved MSS
[2025-05-03 00:52:43,411: ERROR/ForkPoolWorker-7] $MSSA: possibly delisted; no price data found  (period=5d)
[2025-05-03 00:52:43,427: WARNING/ForkPoolWorker-7] ✅ Saved MSSA
[2025-05-03 00:52:44,433: WARNING/ForkPoolWorker-7] ✅ Saved MSSAR
[2025-05-03 00:52:45,106: WARNING/ForkPoolWorker-7] ✅ Saved MSTR
[2025-05-03 00:52:45,368: WARNING/ForkPoolWorker-7] ✅ Saved MSW
[2025-05-03 00:52:45,483: WARNING/ForkPoolWorker-7] ✅ Saved MSSAU
[2025-05-03 00:52:45,668: WARNING/ForkPoolWorker-7] ✅ Saved MTC
[2025-05-03 00:52:47,176: WARNING/ForkPoolWorker-7] ✅ Saved MTCH
[2025-05-03 00:52:47,419: WARNING/ForkPoolWorker-7] ✅ Saved MTEK
[2025-05-03 00:52:47,748: WARNING/ForkPoolWorker-7] ✅ Saved MTEN
[2025-05-03 00:52:48,024: WARNING/ForkPoolWorker-7] ✅ Saved MTLS
[2025-05-03 00:52:48,821: WARNING/ForkPoolWorker-7] ✅ Saved MTEX
[2025-05-03 00:52:49,987: WARNING/ForkPoolWorker-7] ✅ Saved MTSR
[2025-05-03 00:52:50,224: WARNING/ForkPoolWorker-7] ✅ Saved MTSI
[2025-05-03 00:52:50,291: WARNING/ForkPoolWorker-7] ✅ Saved MTRX
[2025-05-03 00:52:50,335: WARNING/ForkPoolWorker-7] ✅ Saved MTVA
[2025-05-03 00:52:52,324: WARNING/ForkPoolWorker-7] ✅ Saved MU
[2025-05-03 00:52:52,538: WARNING/ForkPoolWorker-7] ✅ Saved MURA
[2025-05-03 00:52:52,925: WARNING/ForkPoolWorker-7] ✅ Saved MUD
[2025-05-03 00:52:53,173: WARNING/ForkPoolWorker-7] ✅ Saved MULN
[2025-05-03 00:52:53,998: WARNING/ForkPoolWorker-7] ✅ Saved MUU
[2025-05-03 00:52:55,610: WARNING/ForkPoolWorker-7] ✅ Saved MVBF
[2025-05-03 00:52:55,841: WARNING/ForkPoolWorker-7] ❌ Error processing MVIS: database is locked
[2025-05-03 00:52:55,842: WARNING/ForkPoolWorker-7] ✅ Saved MWYN
[2025-05-03 00:52:56,459: WARNING/ForkPoolWorker-7] ✅ Saved MXCT
[2025-05-03 00:52:56,482: WARNING/ForkPoolWorker-7] ✅ Saved MVST
[2025-05-03 00:52:58,033: WARNING/ForkPoolWorker-7] ✅ Saved MYFW
[2025-05-03 00:52:58,292: WARNING/ForkPoolWorker-7] ✅ Saved MYGN
[2025-05-03 00:52:58,359: WARNING/ForkPoolWorker-7] ✅ Saved MXL
[2025-05-03 00:52:59,507: WARNING/ForkPoolWorker-7] ✅ Saved MYPS
[2025-05-03 00:53:00,172: WARNING/ForkPoolWorker-7] ✅ Saved MYNZ
[2025-05-03 00:53:00,195: WARNING/ForkPoolWorker-7] ✅ Saved MYRG
[2025-05-03 00:53:01,068: WARNING/ForkPoolWorker-7] ✅ Saved NA
[2025-05-03 00:53:01,577: WARNING/ForkPoolWorker-7] ✅ Saved MYSZ
[2025-05-03 00:53:02,755: WARNING/ForkPoolWorker-7] ✅ Saved NAAS
[2025-05-03 00:53:03,335: WARNING/ForkPoolWorker-7] ✅ Saved NAGE
[2025-05-03 00:53:03,547: WARNING/ForkPoolWorker-7] ✅ Saved NAII
[2025-05-03 00:53:03,727: WARNING/ForkPoolWorker-7] ✅ Saved NAMI
[2025-05-03 00:53:04,041: WARNING/ForkPoolWorker-7] ✅ Saved NAMS
[2025-05-03 00:53:05,791: WARNING/ForkPoolWorker-7] ✅ Saved NATH
[2025-05-03 00:53:06,029: WARNING/ForkPoolWorker-7] ❌ Error processing NATR: database is locked
[2025-05-03 00:53:06,031: WARNING/ForkPoolWorker-7] ✅ Saved NAOV
[2025-05-03 00:53:06,442: WARNING/ForkPoolWorker-7] ✅ Saved NAVI
[2025-05-03 00:53:06,464: WARNING/ForkPoolWorker-7] ✅ Saved NAUT
[2025-05-03 00:53:08,198: WARNING/ForkPoolWorker-7] ✅ Saved NB
[2025-05-03 00:53:08,578: ERROR/ForkPoolWorker-7] $NAYA: possibly delisted; no price data found  (period=5d)
[2025-05-03 00:53:08,593: WARNING/ForkPoolWorker-7] ✅ Saved NAYA
[2025-05-03 00:53:08,659: WARNING/ForkPoolWorker-7] ✅ Saved NBIS
[2025-05-03 00:53:08,903: WARNING/ForkPoolWorker-7] ✅ Saved NBBK
[2025-05-03 00:53:09,880: WARNING/ForkPoolWorker-7] ✅ Saved NBIX
[2025-05-03 00:53:11,239: WARNING/ForkPoolWorker-7] ✅ Saved NBN
[2025-05-03 00:53:11,760: WARNING/ForkPoolWorker-7] ✅ Saved NCEW
[2025-05-03 00:53:12,043: WARNING/ForkPoolWorker-7] ✅ Saved NCI
[2025-05-03 00:53:12,075: WARNING/ForkPoolWorker-7] ✅ Saved NBTX
[2025-05-03 00:53:12,096: WARNING/ForkPoolWorker-7] ✅ Saved NBTB
[2025-05-03 00:53:14,189: WARNING/ForkPoolWorker-7] ✅ Saved NCNO
[2025-05-03 00:53:14,233: WARNING/ForkPoolWorker-7] ✅ Saved NCMI
[2025-05-03 00:53:14,616: WARNING/ForkPoolWorker-7] ✅ Saved NCNA
[2025-05-03 00:53:14,810: WARNING/ForkPoolWorker-7] ✅ Saved NCPL
[2025-05-03 00:53:15,368: WARNING/ForkPoolWorker-7] ✅ Saved NCPLW
[2025-05-03 00:53:16,566: WARNING/ForkPoolWorker-7] ✅ Saved NCSM
[2025-05-03 00:53:16,952: WARNING/ForkPoolWorker-7] ✅ Saved NCT
[2025-05-03 00:53:16,985: WARNING/ForkPoolWorker-7] ❌ Error processing NCTY: database is locked
[2025-05-03 00:53:16,986: WARNING/ForkPoolWorker-7] ✅ Saved NCRA
[2025-05-03 00:53:18,393: WARNING/ForkPoolWorker-7] ✅ Saved NDAQ
[2025-05-03 00:53:19,433: WARNING/ForkPoolWorker-7] ✅ Saved NDSN
[2025-05-03 00:53:19,587: WARNING/ForkPoolWorker-7] ✅ Saved NECB
[2025-05-03 00:53:19,615: WARNING/ForkPoolWorker-7] ✅ Saved NDRA
[2025-05-03 00:53:19,901: WARNING/ForkPoolWorker-7] ✅ Saved NDLS
[2025-05-03 00:53:21,733: WARNING/ForkPoolWorker-7] ✅ Saved NEGG
[2025-05-03 00:53:22,595: WARNING/ForkPoolWorker-7] ✅ Saved NEOG
[2025-05-03 00:53:22,740: WARNING/ForkPoolWorker-7] ✅ Saved NEO
[2025-05-03 00:53:22,882: WARNING/ForkPoolWorker-7] ✅ Saved NEON
[2025-05-03 00:53:22,940: WARNING/ForkPoolWorker-7] ✅ Saved NEHC
[2025-05-03 00:53:24,115: WARNING/ForkPoolWorker-7] ✅ Saved NEOV
[2025-05-03 00:53:25,171: WARNING/ForkPoolWorker-7] ✅ Saved NEPH
[2025-05-03 00:53:25,375: WARNING/ForkPoolWorker-7] ✅ Saved NETD
[2025-05-03 00:53:26,193: WARNING/ForkPoolWorker-7] ✅ Saved NERV
[2025-05-03 00:53:26,322: WARNING/ForkPoolWorker-7] ✅ Saved NESR
[2025-05-03 00:53:27,320: WARNING/ForkPoolWorker-7] ✅ Saved NETDU
[2025-05-03 00:53:27,606: WARNING/ForkPoolWorker-7] ✅ Saved NEWT
[2025-05-03 00:53:28,612: WARNING/ForkPoolWorker-7] ✅ Saved NEUP
[2025-05-03 00:53:29,407: WARNING/ForkPoolWorker-7] ✅ Saved NEWTG
[2025-05-03 00:53:29,777: WARNING/ForkPoolWorker-7] ✅ Saved NEWTH
[2025-05-03 00:53:30,415: WARNING/ForkPoolWorker-7] ✅ Saved NEWTI
[2025-05-03 00:53:30,766: WARNING/ForkPoolWorker-7] ✅ Saved NEWTZ
[2025-05-03 00:53:30,983: WARNING/ForkPoolWorker-7] ✅ Saved NEXN
[2025-05-03 00:53:32,753: WARNING/ForkPoolWorker-7] ✅ Saved NFE
[2025-05-03 00:53:32,978: WARNING/ForkPoolWorker-7] ✅ Saved NEXT
[2025-05-03 00:53:33,191: WARNING/ForkPoolWorker-7] ✅ Saved NFBK
[2025-05-03 00:53:34,204: WARNING/ForkPoolWorker-7] ✅ Saved NFLX
[2025-05-03 00:53:34,897: WARNING/ForkPoolWorker-7] ✅ Saved NFXL
[2025-05-03 00:53:35,723: WARNING/ForkPoolWorker-7] ✅ Saved NFXS
[2025-05-03 00:53:36,362: WARNING/ForkPoolWorker-7] ✅ Saved NHICU
[2025-05-03 00:53:36,385: WARNING/ForkPoolWorker-7] ✅ Saved NGNE
[2025-05-03 00:53:37,969: WARNING/ForkPoolWorker-7] ✅ Saved NHPBP
[2025-05-03 00:53:37,984: WARNING/ForkPoolWorker-7] ✅ Saved NHPAP
[2025-05-03 00:53:38,412: WARNING/ForkPoolWorker-7] ✅ Saved NHTC
[2025-05-03 00:53:39,530: WARNING/ForkPoolWorker-7] ✅ Saved NICE
[2025-05-03 00:53:39,578: WARNING/ForkPoolWorker-7] ✅ Saved NIPG
[2025-05-03 00:53:40,155: WARNING/ForkPoolWorker-7] ✅ Saved NISN
[2025-05-03 00:53:40,507: WARNING/ForkPoolWorker-7] ✅ Saved NITO
[2025-05-03 00:53:40,834: WARNING/ForkPoolWorker-7] ✅ Saved NIU
[2025-05-03 00:53:42,156: WARNING/ForkPoolWorker-7] ✅ Saved NIVF
[2025-05-03 00:53:42,577: WARNING/ForkPoolWorker-7] ✅ Saved NIXX
[2025-05-03 00:53:43,371: WARNING/ForkPoolWorker-7] ✅ Saved NKTX
[2025-05-03 00:53:43,400: WARNING/ForkPoolWorker-7] ✅ Saved NKSH
[2025-05-03 00:53:43,465: WARNING/ForkPoolWorker-7] ✅ Saved NKTR
[2025-05-03 00:53:45,129: WARNING/ForkPoolWorker-7] ✅ Saved NLSP
[2025-05-03 00:53:46,119: WARNING/ForkPoolWorker-7] ✅ Saved NMFC
[2025-05-03 00:53:46,332: WARNING/ForkPoolWorker-7] ✅ Saved NMIH
[2025-05-03 00:53:46,465: WARNING/ForkPoolWorker-7] ✅ Saved NMFCZ
[2025-05-03 00:53:47,055: WARNING/ForkPoolWorker-7] ✅ Saved NMRA
[2025-05-03 00:53:47,826: WARNING/ForkPoolWorker-7] ✅ Saved NMRK
[2025-05-03 00:53:48,692: WARNING/ForkPoolWorker-7] ✅ Saved NN
[2025-05-03 00:53:49,599: WARNING/ForkPoolWorker-7] ✅ Saved NNBR
[2025-05-03 00:53:49,633: WARNING/ForkPoolWorker-7] ✅ Saved NNDM
[2025-05-03 00:53:49,717: WARNING/ForkPoolWorker-7] ✅ Saved NMTC
[2025-05-03 00:53:51,237: WARNING/ForkPoolWorker-7] ✅ Saved NNE
[2025-05-03 00:53:52,203: WARNING/ForkPoolWorker-7] ✅ Saved NOEM
[2025-05-03 00:53:52,268: WARNING/ForkPoolWorker-7] ✅ Saved NNNN
[2025-05-03 00:53:52,397: WARNING/ForkPoolWorker-7] ✅ Saved NNOX
[2025-05-03 00:53:52,620: WARNING/ForkPoolWorker-7] ✅ Saved NODK
[2025-05-03 00:53:53,890: WARNING/ForkPoolWorker-7] ✅ Saved NOEMR
[2025-05-03 00:53:54,832: WARNING/ForkPoolWorker-7] ✅ Saved NOVT
[2025-05-03 00:53:54,923: WARNING/ForkPoolWorker-7] ✅ Saved NOTV
[2025-05-03 00:53:55,109: ERROR/ForkPoolWorker-7] $NOEMU: possibly delisted; no price data found  (period=5d)
[2025-05-03 00:53:55,119: WARNING/ForkPoolWorker-7] ✅ Saved NOEMU
[2025-05-03 00:53:55,179: WARNING/ForkPoolWorker-7] ✅ Saved NPCE
[2025-05-03 00:53:56,264: WARNING/ForkPoolWorker-7] ✅ Saved NRC
[2025-05-03 00:53:57,151: WARNING/ForkPoolWorker-7] ✅ Saved NRIM
[2025-05-03 00:53:57,551: WARNING/ForkPoolWorker-7] ✅ Saved NRDS
[2025-05-03 00:53:58,391: WARNING/ForkPoolWorker-7] ✅ Saved NRIX
[2025-05-03 00:53:58,766: WARNING/ForkPoolWorker-7] ✅ Saved NRSN
[2025-05-03 00:53:59,270: WARNING/ForkPoolWorker-7] ✅ Saved NRXP
[2025-05-03 00:53:59,795: WARNING/ForkPoolWorker-7] ✅ Saved NSPR
[2025-05-03 00:54:00,177: WARNING/ForkPoolWorker-7] ✅ Saved NSIT
[2025-05-03 00:54:01,115: WARNING/ForkPoolWorker-7] ✅ Saved NSSC
[2025-05-03 00:54:01,771: WARNING/ForkPoolWorker-7] ✅ Saved NSYS
[2025-05-03 00:54:01,869: WARNING/ForkPoolWorker-7] ✅ Saved NSTS
[2025-05-03 00:54:02,227: WARNING/ForkPoolWorker-7] ✅ Saved NTAP
[2025-05-03 00:54:02,777: WARNING/ForkPoolWorker-7] ✅ Saved NTCL
[2025-05-03 00:54:04,091: WARNING/ForkPoolWorker-7] ✅ Saved NTES
[2025-05-03 00:54:04,705: WARNING/ForkPoolWorker-7] ✅ Saved NTCT
[2025-05-03 00:54:04,903: WARNING/ForkPoolWorker-7] ✅ Saved NTHI
[2025-05-03 00:54:05,231: WARNING/ForkPoolWorker-7] ✅ Saved NTGR
[2025-05-03 00:54:05,377: WARNING/ForkPoolWorker-7] ✅ Saved NTIC
[2025-05-03 00:54:06,238: WARNING/ForkPoolWorker-7] ✅ Saved NTLA
[2025-05-03 00:54:07,803: WARNING/ForkPoolWorker-7] ✅ Saved NTNX
[2025-05-03 00:54:07,839: WARNING/ForkPoolWorker-7] ✅ Saved NTRA
[2025-05-03 00:54:08,542: WARNING/ForkPoolWorker-7] ✅ Saved NTRP
[2025-05-03 00:54:08,776: WARNING/ForkPoolWorker-7] ✅ Saved NTRB
[2025-05-03 00:54:09,452: WARNING/ForkPoolWorker-7] ✅ Saved NTRS
[2025-05-03 00:54:10,399: WARNING/ForkPoolWorker-7] ✅ Saved NTWO
[2025-05-03 00:54:10,653: WARNING/ForkPoolWorker-7] ✅ Saved NTWK
[2025-05-03 00:54:11,344: WARNING/ForkPoolWorker-7] ✅ Saved NUKK
[2025-05-03 00:54:11,852: WARNING/ForkPoolWorker-7] ✅ Saved NTWOU
[2025-05-03 00:54:12,953: WARNING/ForkPoolWorker-7] ✅ Saved NUVL
[2025-05-03 00:54:13,049: WARNING/ForkPoolWorker-7] ✅ Saved NURO
[2025-05-03 00:54:13,347: WARNING/ForkPoolWorker-7] ✅ Saved NUTX
[2025-05-03 00:54:14,457: WARNING/ForkPoolWorker-7] ✅ Saved NUWE
[2025-05-03 00:54:15,361: WARNING/ForkPoolWorker-7] ✅ Saved NVA
[2025-05-03 00:54:15,583: WARNING/ForkPoolWorker-7] ✅ Saved NVCT
[2025-05-03 00:54:16,385: WARNING/ForkPoolWorker-7] ✅ Saved NVCR
[2025-05-03 00:54:16,584: WARNING/ForkPoolWorker-7] ✅ Saved NVAX
[2025-05-03 00:54:17,970: WARNING/ForkPoolWorker-7] ✅ Saved NVDA
[2025-05-03 00:54:18,301: WARNING/ForkPoolWorker-7] ✅ Saved NVDU
[2025-05-03 00:54:19,184: WARNING/ForkPoolWorker-7] ✅ Saved NVDD
[2025-05-03 00:54:19,579: WARNING/ForkPoolWorker-7] ✅ Saved NVEC
[2025-05-03 00:54:20,182: WARNING/ForkPoolWorker-7] ✅ Saved NVEE
[2025-05-03 00:54:20,599: WARNING/ForkPoolWorker-7] ✅ Saved NVFY
[2025-05-03 00:54:21,668: WARNING/ForkPoolWorker-7] ✅ Saved NVMI
[2025-05-03 00:54:22,623: WARNING/ForkPoolWorker-7] ✅ Saved NVNI
[2025-05-03 00:54:23,017: WARNING/ForkPoolWorker-7] ✅ Saved NVNO
[2025-05-03 00:54:23,267: WARNING/ForkPoolWorker-7] ✅ Saved NVTS
[2025-05-03 00:54:23,756: WARNING/ForkPoolWorker-7] ✅ Saved NVVE
[2025-05-03 00:54:24,991: WARNING/ForkPoolWorker-7] ✅ Saved NVX
[2025-05-03 00:54:25,237: WARNING/ForkPoolWorker-7] ✅ Saved NWBI
[2025-05-03 00:54:25,603: WARNING/ForkPoolWorker-7] ✅ Saved NWFL
[2025-05-03 00:54:26,507: WARNING/ForkPoolWorker-7] ✅ Saved NWE
[2025-05-03 00:54:26,818: WARNING/ForkPoolWorker-7] ✅ Saved NWGL
[2025-05-03 00:54:27,437: WARNING/ForkPoolWorker-7] ✅ Saved NWPX
[2025-05-03 00:54:28,107: WARNING/ForkPoolWorker-7] ✅ Saved NWL
[2025-05-03 00:54:28,283: WARNING/ForkPoolWorker-7] ✅ Saved NWS
[2025-05-03 00:54:29,393: WARNING/ForkPoolWorker-7] ✅ Saved NWSA
[2025-05-03 00:54:29,958: WARNING/ForkPoolWorker-7] ❌ Error processing NWTG: database is locked
[2025-05-03 00:54:29,959: WARNING/ForkPoolWorker-7] ✅ Saved NWTN
[2025-05-03 00:54:31,180: WARNING/ForkPoolWorker-7] ❌ Error processing NXGL: database is locked
[2025-05-03 00:54:31,182: WARNING/ForkPoolWorker-7] ✅ Saved NXL
[2025-05-03 00:54:31,644: WARNING/ForkPoolWorker-7] ✅ Saved NXPI
[2025-05-03 00:54:32,466: WARNING/ForkPoolWorker-7] ✅ Saved NXPL
[2025-05-03 00:54:33,277: WARNING/ForkPoolWorker-7] ✅ Saved NXST
[2025-05-03 00:54:33,515: WARNING/ForkPoolWorker-7] ✅ Saved NXT
[2025-05-03 00:54:33,757: WARNING/ForkPoolWorker-7] ✅ Saved NXTC
[2025-05-03 00:54:34,413: WARNING/ForkPoolWorker-7] ✅ Saved NXTT
[2025-05-03 00:54:35,243: ERROR/ForkPoolWorker-7] $NXU: possibly delisted; no price data found  (period=5d)
[2025-05-03 00:54:35,256: WARNING/ForkPoolWorker-7] ✅ Saved NXU
[2025-05-03 00:54:35,617: WARNING/ForkPoolWorker-7] ✅ Saved NXXT
[2025-05-03 00:54:35,833: WARNING/ForkPoolWorker-7] ✅ Saved NYAX
[2025-05-03 00:54:36,183: WARNING/ForkPoolWorker-7] ✅ Saved NYMT
[2025-05-03 00:54:38,748: WARNING/ForkPoolWorker-7] ✅ Saved NYMTG
[2025-05-03 00:54:38,842: WARNING/ForkPoolWorker-7] ✅ Saved NYMTL
[2025-05-03 00:54:39,219: WARNING/ForkPoolWorker-7] ✅ Saved NYMTI
[2025-05-03 00:54:39,630: WARNING/ForkPoolWorker-7] ✅ Saved NYMTM
[2025-05-03 00:54:39,879: WARNING/ForkPoolWorker-7] ✅ Saved NYMTN
[2025-05-03 00:54:40,968: WARNING/ForkPoolWorker-7] ✅ Saved NYXH
[2025-05-03 00:54:41,928: WARNING/ForkPoolWorker-7] ❌ Error processing OABI: database is locked
[2025-05-03 00:54:41,929: WARNING/ForkPoolWorker-7] ✅ Saved NYMTZ
[2025-05-03 00:54:42,452: WARNING/ForkPoolWorker-7] ✅ Saved OACC
[2025-05-03 00:54:43,688: WARNING/ForkPoolWorker-7] ✅ Saved OACCU
[2025-05-03 00:54:44,408: WARNING/ForkPoolWorker-7] ✅ Saved OAKU
[2025-05-03 00:54:44,902: WARNING/ForkPoolWorker-7] ✅ Saved OAKUU
[2025-05-03 00:54:45,133: WARNING/ForkPoolWorker-7] ✅ Saved OAKUR
[2025-05-03 00:54:46,129: WARNING/ForkPoolWorker-7] ✅ Saved OB
[2025-05-03 00:54:47,120: WARNING/ForkPoolWorker-7] ✅ Saved OBLG
[2025-05-03 00:54:47,152: WARNING/ForkPoolWorker-7] ✅ Saved OBIO
[2025-05-03 00:54:48,234: WARNING/ForkPoolWorker-7] ✅ Saved OBT
[2025-05-03 00:54:48,427: WARNING/ForkPoolWorker-7] ✅ Saved OCC
[2025-05-03 00:54:49,720: WARNING/ForkPoolWorker-7] ✅ Saved OCCI
[2025-05-03 00:54:50,558: WARNING/ForkPoolWorker-7] ✅ Saved OCCIN
[2025-05-03 00:54:50,571: WARNING/ForkPoolWorker-7] ✅ Saved OCCIM
[2025-05-03 00:54:50,928: WARNING/ForkPoolWorker-7] ✅ Saved OCEA
[2025-05-03 00:54:52,025: WARNING/ForkPoolWorker-7] ✅ Saved OCFC
[2025-05-03 00:54:52,065: WARNING/ForkPoolWorker-7] ✅ Saved OCCIO
[2025-05-03 00:54:53,085: WARNING/ForkPoolWorker-7] ✅ Saved OCG
[2025-05-03 00:54:53,310: WARNING/ForkPoolWorker-7] ✅ Saved OCGN
[2025-05-03 00:54:54,117: WARNING/ForkPoolWorker-7] ✅ Saved OCS
[2025-05-03 00:54:54,581: WARNING/ForkPoolWorker-7] ✅ Saved OCSL
[2025-05-03 00:54:54,640: WARNING/ForkPoolWorker-7] ✅ Saved OCTO
[2025-05-03 00:54:55,506: WARNING/ForkPoolWorker-7] ✅ Saved OCX
[2025-05-03 00:54:55,690: WARNING/ForkPoolWorker-7] ✅ Saved OCUL
[2025-05-03 00:54:56,987: WARNING/ForkPoolWorker-7] ✅ Saved ODD
[2025-05-03 00:54:57,697: WARNING/ForkPoolWorker-7] ✅ Saved ODP
[2025-05-03 00:54:57,775: WARNING/ForkPoolWorker-7] ✅ Saved ODYS
[2025-05-03 00:54:57,808: WARNING/ForkPoolWorker-7] ✅ Saved OESX
[2025-05-03 00:54:58,044: WARNING/ForkPoolWorker-7] ✅ Saved ODFL
[2025-05-03 00:54:59,932: WARNING/ForkPoolWorker-7] ✅ Saved OFIX
[2025-05-03 00:55:00,651: WARNING/ForkPoolWorker-7] ✅ Saved OFLX
[2025-05-03 00:55:00,878: WARNING/ForkPoolWorker-7] ✅ Saved OFSSH
[2025-05-03 00:55:01,178: WARNING/ForkPoolWorker-7] ✅ Saved OFS
[2025-05-03 00:55:01,399: WARNING/ForkPoolWorker-7] ✅ Saved OGI
[2025-05-03 00:55:03,499: WARNING/ForkPoolWorker-7] ❌ Error processing OLB: database is locked
[2025-05-03 00:55:03,511: WARNING/ForkPoolWorker-7] ✅ Saved OKYO
[2025-05-03 00:55:03,522: WARNING/ForkPoolWorker-7] ✅ Saved OKTA
[2025-05-03 00:55:03,665: WARNING/ForkPoolWorker-7] ✅ Saved OKUR
[2025-05-03 00:55:04,918: WARNING/ForkPoolWorker-7] ✅ Saved OLED
[2025-05-03 00:55:05,972: WARNING/ForkPoolWorker-7] ✅ Saved OLPX
[2025-05-03 00:55:06,150: WARNING/ForkPoolWorker-7] ✅ Saved OLLI
[2025-05-03 00:55:06,936: WARNING/ForkPoolWorker-7] ✅ Saved OM
[2025-05-03 00:55:06,999: WARNING/ForkPoolWorker-7] ✅ Saved OLMA
[2025-05-03 00:55:08,347: WARNING/ForkPoolWorker-7] ✅ Saved OMAB
[2025-05-03 00:55:09,084: WARNING/ForkPoolWorker-7] ✅ Saved OMCL
[2025-05-03 00:55:09,282: WARNING/ForkPoolWorker-7] ✅ Saved OMER
[2025-05-03 00:55:09,402: WARNING/ForkPoolWorker-7] ✅ Saved OMCC
[2025-05-03 00:55:10,556: WARNING/ForkPoolWorker-7] ✅ Saved OMEX
[2025-05-03 00:55:11,683: WARNING/ForkPoolWorker-7] ✅ Saved OMH
[2025-05-03 00:55:11,875: WARNING/ForkPoolWorker-7] ✅ Saved ON
[2025-05-03 00:55:12,058: WARNING/ForkPoolWorker-7] ✅ Saved ONB
[2025-05-03 00:55:12,645: WARNING/ForkPoolWorker-7] ✅ Saved ONC
[2025-05-03 00:55:13,250: WARNING/ForkPoolWorker-7] ✅ Saved ONCO
[2025-05-03 00:55:14,209: WARNING/ForkPoolWorker-7] ✅ Saved ONCY
[2025-05-03 00:55:15,175: WARNING/ForkPoolWorker-7] ✅ Saved ONEG
[2025-05-03 00:55:15,225: WARNING/ForkPoolWorker-7] ✅ Saved ONDS
[2025-05-03 00:55:16,052: WARNING/ForkPoolWorker-7] ✅ Saved ONEW
[2025-05-03 00:55:16,341: WARNING/ForkPoolWorker-7] ✅ Saved ONMD
[2025-05-03 00:55:17,157: WARNING/ForkPoolWorker-7] ✅ Saved ONFO
[2025-05-03 00:55:17,792: WARNING/ForkPoolWorker-7] ✅ Saved OP
[2025-05-03 00:55:17,833: ERROR/ForkPoolWorker-7] $ONVO: possibly delisted; no price data found  (period=5d)
[2025-05-03 00:55:17,840: WARNING/ForkPoolWorker-7] ✅ Saved ONVO
[2025-05-03 00:55:18,826: WARNING/ForkPoolWorker-7] ✅ Saved OPAL
[2025-05-03 00:55:19,802: WARNING/ForkPoolWorker-7] ✅ Saved OPBK
[2025-05-03 00:55:20,473: WARNING/ForkPoolWorker-7] ✅ Saved OPI
[2025-05-03 00:55:20,688: WARNING/ForkPoolWorker-7] ✅ Saved OPCH
[2025-05-03 00:55:21,106: WARNING/ForkPoolWorker-7] ✅ Saved OPEN
[2025-05-03 00:55:21,485: WARNING/ForkPoolWorker-7] ✅ Saved OPINL
[2025-05-03 00:55:23,359: WARNING/ForkPoolWorker-7] ✅ Saved OPK
[2025-05-03 00:55:23,915: WARNING/ForkPoolWorker-7] ❌ Error processing OPOF: database is locked
[2025-05-03 00:55:23,917: WARNING/ForkPoolWorker-7] ✅ Saved OPRA
[2025-05-03 00:55:24,544: WARNING/ForkPoolWorker-7] ❌ Error processing OPRT: database is locked
[2025-05-03 00:55:24,545: WARNING/ForkPoolWorker-7] ✅ Saved OPRX
[2025-05-03 00:55:25,797: ERROR/ForkPoolWorker-7] $OPT: possibly delisted; no price data found  (period=5d)
[2025-05-03 00:55:25,804: WARNING/ForkPoolWorker-7] ✅ Saved OPT
[2025-05-03 00:55:26,207: WARNING/ForkPoolWorker-7] ✅ Saved OPTX
[2025-05-03 00:55:26,424: WARNING/ForkPoolWorker-7] ✅ Saved OPTN
[2025-05-03 00:55:26,796: WARNING/ForkPoolWorker-7] ✅ Saved OPXS
[2025-05-03 00:55:26,949: WARNING/ForkPoolWorker-7] ✅ Saved ORGN
[2025-05-03 00:55:28,545: WARNING/ForkPoolWorker-7] ✅ Saved ORGO
[2025-05-03 00:55:28,774: WARNING/ForkPoolWorker-7] ✅ Saved ORIC
[2025-05-03 00:55:29,092: WARNING/ForkPoolWorker-7] ✅ Saved ORKT
[2025-05-03 00:55:29,715: WARNING/ForkPoolWorker-7] ✅ Saved ORIS
[2025-05-03 00:55:30,176: WARNING/ForkPoolWorker-7] ✅ Saved ORKA
[2025-05-03 00:55:31,392: WARNING/ForkPoolWorker-7] ✅ Saved ORLY
[2025-05-03 00:55:31,582: WARNING/ForkPoolWorker-7] ✅ Saved ORMP
[2025-05-03 00:55:32,643: WARNING/ForkPoolWorker-7] ✅ Saved ORRF
[2025-05-03 00:55:33,147: WARNING/ForkPoolWorker-7] ✅ Saved OS
[2025-05-03 00:55:33,540: WARNING/ForkPoolWorker-7] ✅ Saved OSBC
[2025-05-03 00:55:34,707: WARNING/ForkPoolWorker-7] ✅ Saved OSIS
[2025-05-03 00:55:35,130: WARNING/ForkPoolWorker-7] ✅ Saved OSPN
[2025-05-03 00:55:35,714: WARNING/ForkPoolWorker-7] ✅ Saved OSRH
[2025-05-03 00:55:36,128: WARNING/ForkPoolWorker-7] ✅ Saved OSS
[2025-05-03 00:55:36,829: WARNING/ForkPoolWorker-7] ✅ Saved OST
[2025-05-03 00:55:37,667: WARNING/ForkPoolWorker-7] ✅ Saved OSUR
[2025-05-03 00:55:37,870: WARNING/ForkPoolWorker-7] ✅ Saved OSW
[2025-05-03 00:55:38,574: WARNING/ForkPoolWorker-7] ✅ Saved OTEX
[2025-05-03 00:55:39,021: WARNING/ForkPoolWorker-7] ✅ Saved OTLK
[2025-05-03 00:55:39,786: WARNING/ForkPoolWorker-7] ✅ Saved OTLY
[2025-05-03 00:55:41,266: WARNING/ForkPoolWorker-7] ✅ Saved OTTR
[2025-05-03 00:55:41,325: WARNING/ForkPoolWorker-7] ✅ Saved OTRK
[2025-05-03 00:55:41,512: WARNING/ForkPoolWorker-7] ✅ Saved OVBC
[2025-05-03 00:55:41,971: WARNING/ForkPoolWorker-7] ✅ Saved OUST
[2025-05-03 00:55:43,183: WARNING/ForkPoolWorker-7] ✅ Saved OVID
[2025-05-03 00:55:43,863: WARNING/ForkPoolWorker-7] ✅ Saved OXLC
[2025-05-03 00:55:44,399: WARNING/ForkPoolWorker-7] ✅ Saved OVLY
[2025-05-03 00:55:44,656: WARNING/ForkPoolWorker-7] ✅ Saved OXBR
[2025-05-03 00:55:45,393: WARNING/ForkPoolWorker-7] ✅ Saved OXLCG
[2025-05-03 00:55:46,728: WARNING/ForkPoolWorker-7] ✅ Saved OXLCI
[2025-05-03 00:55:46,781: WARNING/ForkPoolWorker-7] ✅ Saved OXLCL
[2025-05-03 00:55:47,511: WARNING/ForkPoolWorker-7] ✅ Saved OXLCO
[2025-05-03 00:55:47,888: WARNING/ForkPoolWorker-7] ✅ Saved OXLCN
[2025-05-03 00:55:47,908: WARNING/ForkPoolWorker-7] ✅ Saved OXLCP
[2025-05-03 00:55:49,812: WARNING/ForkPoolWorker-7] ✅ Saved OXLCZ
[2025-05-03 00:55:50,188: WARNING/ForkPoolWorker-7] ✅ Saved OXSQ
[2025-05-03 00:55:50,518: WARNING/ForkPoolWorker-7] ✅ Saved OZK
[2025-05-03 00:55:51,228: WARNING/ForkPoolWorker-7] ✅ Saved OXSQG
[2025-05-03 00:55:51,268: WARNING/ForkPoolWorker-7] ✅ Saved OXSQZ
[2025-05-03 00:55:52,334: WARNING/ForkPoolWorker-7] ✅ Saved OZKAP
[2025-05-03 00:55:52,942: WARNING/ForkPoolWorker-7] ✅ Saved PACB
[2025-05-03 00:55:53,517: WARNING/ForkPoolWorker-7] ✅ Saved PAA
[2025-05-03 00:55:53,907: WARNING/ForkPoolWorker-7] ✅ Saved PAGP
[2025-05-03 00:55:54,839: WARNING/ForkPoolWorker-7] ✅ Saved PAHC
[2025-05-03 00:55:55,526: WARNING/ForkPoolWorker-7] ✅ Saved PAL
[2025-05-03 00:55:55,623: WARNING/ForkPoolWorker-7] ✅ Saved PALD
[2025-05-03 00:55:56,770: WARNING/ForkPoolWorker-7] ✅ Saved PALI
[2025-05-03 00:55:56,799: WARNING/ForkPoolWorker-7] ✅ Saved PALU
[2025-05-03 00:55:58,129: WARNING/ForkPoolWorker-7] ❌ Error processing PANL: database is locked
[2025-05-03 00:55:58,129: WARNING/ForkPoolWorker-7] ✅ Saved PAMT
[2025-05-03 00:55:58,320: WARNING/ForkPoolWorker-7] ✅ Saved PANW
[2025-05-03 00:55:59,426: WARNING/ForkPoolWorker-7] ✅ Saved PARAA
[2025-05-03 00:55:59,931: WARNING/ForkPoolWorker-7] ✅ Saved PARA
[2025-05-03 00:56:00,525: WARNING/ForkPoolWorker-7] ✅ Saved PASG
[2025-05-03 00:56:01,240: WARNING/ForkPoolWorker-7] ✅ Saved PAVM
[2025-05-03 00:56:01,413: WARNING/ForkPoolWorker-7] ✅ Saved PATK
[2025-05-03 00:56:02,172: WARNING/ForkPoolWorker-7] ✅ Saved PAVS
[2025-05-03 00:56:02,502: WARNING/ForkPoolWorker-7] ✅ Saved PAVMZ
[2025-05-03 00:56:02,677: WARNING/ForkPoolWorker-7] ✅ Saved PAX
[2025-05-03 00:56:03,691: WARNING/ForkPoolWorker-7] ✅ Saved PAYO
[2025-05-03 00:56:04,622: WARNING/ForkPoolWorker-7] ✅ Saved PBBK
[2025-05-03 00:56:04,929: WARNING/ForkPoolWorker-7] ✅ Saved PAYS
[2025-05-03 00:56:05,151: WARNING/ForkPoolWorker-7] ✅ Saved PAYX
[2025-05-03 00:56:05,562: WARNING/ForkPoolWorker-7] ✅ Saved PBFS
[2025-05-03 00:56:06,941: WARNING/ForkPoolWorker-7] ✅ Saved PBHC
[2025-05-03 00:56:07,352: WARNING/ForkPoolWorker-7] ✅ Saved PBM
[2025-05-03 00:56:08,095: WARNING/ForkPoolWorker-7] ✅ Saved PBPB
[2025-05-03 00:56:08,488: WARNING/ForkPoolWorker-7] ❌ Error processing PBYI: database is locked
[2025-05-03 00:56:08,490: WARNING/ForkPoolWorker-7] ✅ Saved PC
[2025-05-03 00:56:10,045: WARNING/ForkPoolWorker-7] ✅ Saved PCAR
[2025-05-03 00:56:10,875: WARNING/ForkPoolWorker-7] ✅ Saved PCH
[2025-05-03 00:56:10,928: WARNING/ForkPoolWorker-7] ✅ Saved PCB
[2025-05-03 00:56:11,273: WARNING/ForkPoolWorker-7] ✅ Saved PCLA
[2025-05-03 00:56:11,676: WARNING/ForkPoolWorker-7] ✅ Saved PCRX
[2025-05-03 00:56:12,585: WARNING/ForkPoolWorker-7] ✅ Saved PCSA
[2025-05-03 00:56:13,032: WARNING/ForkPoolWorker-7] ✅ Saved PCT
[2025-05-03 00:56:13,198: WARNING/ForkPoolWorker-7] ✅ Saved PCSC
[2025-05-03 00:56:14,205: WARNING/ForkPoolWorker-7] ✅ Saved PCTY
[2025-05-03 00:56:14,285: WARNING/ForkPoolWorker-7] ✅ Saved PCTTU
[2025-05-03 00:56:15,207: WARNING/ForkPoolWorker-7] ✅ Saved PCYO
[2025-05-03 00:56:15,552: WARNING/ForkPoolWorker-7] ✅ Saved PCVX
[2025-05-03 00:56:16,465: ERROR/ForkPoolWorker-7] $PDCO: possibly delisted; no price data found  (period=5d)
[2025-05-03 00:56:16,482: WARNING/ForkPoolWorker-7] ✅ Saved PDCO
[2025-05-03 00:56:17,160: WARNING/ForkPoolWorker-7] ✅ Saved PDD
[2025-05-03 00:56:17,354: WARNING/ForkPoolWorker-7] ✅ Saved PDFS
[2025-05-03 00:56:17,801: WARNING/ForkPoolWorker-7] ✅ Saved PDEX
[2025-05-03 00:56:17,936: WARNING/ForkPoolWorker-7] ✅ Saved PDLB
[2025-05-03 00:56:19,959: WARNING/ForkPoolWorker-7] ✅ Saved PDSB
[2025-05-03 00:56:20,196: WARNING/ForkPoolWorker-7] ✅ Saved PDYN
[2025-05-03 00:56:20,245: WARNING/ForkPoolWorker-7] ✅ Saved PEBO
[2025-05-03 00:56:21,008: WARNING/ForkPoolWorker-7] ✅ Saved PEBK
[2025-05-03 00:56:21,137: WARNING/ForkPoolWorker-7] ✅ Saved PECO
[2025-05-03 00:56:22,124: WARNING/ForkPoolWorker-7] ✅ Saved PEGA
[2025-05-03 00:56:22,379: WARNING/ForkPoolWorker-7] ✅ Saved PENN
[2025-05-03 00:56:23,047: WARNING/ForkPoolWorker-7] ✅ Saved PENG
[2025-05-03 00:56:23,251: WARNING/ForkPoolWorker-7] ✅ Saved PEPG
[2025-05-03 00:56:24,625: WARNING/ForkPoolWorker-7] ✅ Saved PEP
[2025-05-03 00:56:25,502: WARNING/ForkPoolWorker-7] ✅ Saved PERI
[2025-05-03 00:56:25,697: WARNING/ForkPoolWorker-7] ✅ Saved PESI
[2025-05-03 00:56:26,447: WARNING/ForkPoolWorker-7] ✅ Saved PET
[2025-05-03 00:56:26,706: WARNING/ForkPoolWorker-7] ✅ Saved PETS
[2025-05-03 00:56:27,269: WARNING/ForkPoolWorker-7] ✅ Saved PETZ
[2025-05-03 00:56:28,573: ERROR/ForkPoolWorker-7] $PEV: possibly delisted; no price data found  (period=5d)
[2025-05-03 00:56:28,591: WARNING/ForkPoolWorker-7] ✅ Saved PEV
[2025-05-03 00:56:29,103: WARNING/ForkPoolWorker-7] ✅ Saved PFIS
[2025-05-03 00:56:29,125: WARNING/ForkPoolWorker-7] ✅ Saved PFG
[2025-05-03 00:56:29,361: WARNING/ForkPoolWorker-7] ✅ Saved PFBC
[2025-05-03 00:56:29,692: WARNING/ForkPoolWorker-7] ✅ Saved PFX
[2025-05-03 00:56:32,462: WARNING/ForkPoolWorker-7] ✅ Saved PGEN
[2025-05-03 00:56:32,508: WARNING/ForkPoolWorker-7] ✅ Saved PFXNZ
[2025-05-03 00:56:32,754: WARNING/ForkPoolWorker-7] ❌ Error processing PGC: database is locked
[2025-05-03 00:56:32,755: WARNING/ForkPoolWorker-7] ✅ Saved PGHL
[2025-05-03 00:56:32,929: WARNING/ForkPoolWorker-7] ✅ Saved PGNY
[2025-05-03 00:56:35,589: WARNING/ForkPoolWorker-7] ✅ Saved PHAT
[2025-05-03 00:56:35,615: WARNING/ForkPoolWorker-7] ✅ Saved PHAR
[2025-05-03 00:56:35,641: WARNING/ForkPoolWorker-7] ✅ Saved PHIO
[2025-05-03 00:56:35,747: WARNING/ForkPoolWorker-7] ✅ Saved PGY
[2025-05-03 00:56:36,184: WARNING/ForkPoolWorker-7] ✅ Saved PHH
[2025-05-03 00:56:37,992: WARNING/ForkPoolWorker-7] ✅ Saved PI
[2025-05-03 00:56:38,346: WARNING/ForkPoolWorker-7] ✅ Saved PHVS
[2025-05-03 00:56:38,362: WARNING/ForkPoolWorker-7] ✅ Saved PHUN
[2025-05-03 00:56:39,070: WARNING/ForkPoolWorker-7] ✅ Saved PHLT
[2025-05-03 00:56:39,799: WARNING/ForkPoolWorker-7] ✅ Saved PIII
[2025-05-03 00:56:40,757: WARNING/ForkPoolWorker-7] ✅ Saved PITA
[2025-05-03 00:56:40,769: WARNING/ForkPoolWorker-7] ✅ Saved PINC
[2025-05-03 00:56:41,242: WARNING/ForkPoolWorker-7] ✅ Saved PKBK
[2025-05-03 00:56:41,284: WARNING/ForkPoolWorker-7] ✅ Saved PKOH
[2025-05-03 00:56:42,286: WARNING/ForkPoolWorker-7] ✅ Saved PLAB
[2025-05-03 00:56:43,320: WARNING/ForkPoolWorker-7] ✅ Saved PLBC
[2025-05-03 00:56:43,715: WARNING/ForkPoolWorker-7] ✅ Saved PLAY
[2025-05-03 00:56:44,234: WARNING/ForkPoolWorker-7] ✅ Saved PLBY
[2025-05-03 00:56:44,464: WARNING/ForkPoolWorker-7] ✅ Saved PLCE
[2025-05-03 00:56:45,092: WARNING/ForkPoolWorker-7] ✅ Saved PLL
[2025-05-03 00:56:46,657: WARNING/ForkPoolWorker-7] ✅ Saved PLMKU
[2025-05-03 00:56:46,757: WARNING/ForkPoolWorker-7] ❌ Error processing PLPC: database is locked
[2025-05-03 00:56:46,759: WARNING/ForkPoolWorker-7] ✅ Saved PLMK
[2025-05-03 00:56:47,402: WARNING/ForkPoolWorker-7] ✅ Saved PLMR
[2025-05-03 00:56:47,478: WARNING/ForkPoolWorker-7] ✅ Saved PLRX
[2025-05-03 00:56:49,001: WARNING/ForkPoolWorker-7] ✅ Saved PLRZ
[2025-05-03 00:56:49,609: WARNING/ForkPoolWorker-7] ❌ Error processing PLTD: database is locked
[2025-05-03 00:56:49,609: WARNING/ForkPoolWorker-7] ✅ Saved PLSE
[2025-05-03 00:56:49,687: WARNING/ForkPoolWorker-7] ✅ Saved PLTK
[2025-05-03 00:56:50,556: WARNING/ForkPoolWorker-7] ✅ Saved PLTR
[2025-05-03 00:56:51,845: WARNING/ForkPoolWorker-7] ✅ Saved PLUG
[2025-05-03 00:56:52,167: WARNING/ForkPoolWorker-7] ❌ Error processing PLUS: database is locked
[2025-05-03 00:56:52,168: WARNING/ForkPoolWorker-7] ✅ Saved PLUR
[2025-05-03 00:56:52,225: WARNING/ForkPoolWorker-7] ✅ Saved PLTU
[2025-05-03 00:56:53,148: WARNING/ForkPoolWorker-7] ✅ Saved PLUT
[2025-05-03 00:56:55,146: WARNING/ForkPoolWorker-7] ✅ Saved PLYA
[2025-05-03 00:56:55,284: WARNING/ForkPoolWorker-7] ✅ Saved PMBS
[2025-05-03 00:56:55,314: WARNING/ForkPoolWorker-7] ✅ Saved PLXS
[2025-05-03 00:56:55,468: WARNING/ForkPoolWorker-7] ✅ Saved PMCB
[2025-05-03 00:56:55,597: WARNING/ForkPoolWorker-7] ✅ Saved PMAX
[2025-05-03 00:56:58,101: WARNING/ForkPoolWorker-7] ✅ Saved PN
[2025-05-03 00:56:58,224: WARNING/ForkPoolWorker-7] ✅ Saved PMTS
[2025-05-03 00:56:58,428: WARNING/ForkPoolWorker-7] ✅ Saved PMN
[2025-05-03 00:56:58,678: WARNING/ForkPoolWorker-7] ✅ Saved PMEC
[2025-05-03 00:56:58,895: WARNING/ForkPoolWorker-7] ✅ Saved PMVP
[2025-05-03 00:57:00,596: WARNING/ForkPoolWorker-7] ✅ Saved PNBK
[2025-05-03 00:57:01,172: WARNING/ForkPoolWorker-7] ✅ Saved PNFPP
[2025-05-03 00:57:01,453: WARNING/ForkPoolWorker-7] ✅ Saved PNFP
[2025-05-03 00:57:02,181: WARNING/ForkPoolWorker-7] ❌ Error processing PNTG: database is locked
[2025-05-03 00:57:02,182: WARNING/ForkPoolWorker-7] ✅ Saved PNRG
[2025-05-03 00:57:03,210: WARNING/ForkPoolWorker-7] ✅ Saved POAI
[2025-05-03 00:57:03,719: WARNING/ForkPoolWorker-7] ✅ Saved PODC
[2025-05-03 00:57:04,180: WARNING/ForkPoolWorker-7] ✅ Saved POCI
[2025-05-03 00:57:05,340: WARNING/ForkPoolWorker-7] ✅ Saved POET
[2025-05-03 00:57:05,434: WARNING/ForkPoolWorker-7] ✅ Saved PODD
[2025-05-03 00:57:05,859: WARNING/ForkPoolWorker-7] ✅ Saved POLA
[2025-05-03 00:57:05,910: WARNING/ForkPoolWorker-7] ✅ Saved POLE
[2025-05-03 00:57:06,847: WARNING/ForkPoolWorker-7] ✅ Saved POLEU
[2025-05-03 00:57:07,940: WARNING/ForkPoolWorker-7] ✅ Saved PONY
[2025-05-03 00:57:08,557: WARNING/ForkPoolWorker-7] ✅ Saved POWI
[2025-05-03 00:57:08,583: WARNING/ForkPoolWorker-7] ✅ Saved POOL
[2025-05-03 00:57:09,510: WARNING/ForkPoolWorker-7] ❌ Error processing POWW: database is locked
[2025-05-03 00:57:09,511: WARNING/ForkPoolWorker-7] ✅ Saved POWL
[2025-05-03 00:57:11,114: WARNING/ForkPoolWorker-7] ✅ Saved PPBT
[2025-05-03 00:57:11,337: WARNING/ForkPoolWorker-7] ✅ Saved PPBI
[2025-05-03 00:57:11,731: WARNING/ForkPoolWorker-7] ✅ Saved PPC
[2025-05-03 00:57:11,808: WARNING/ForkPoolWorker-7] ✅ Saved POWWP
[2025-05-03 00:57:13,074: WARNING/ForkPoolWorker-7] ✅ Saved PPIH
[2025-05-03 00:57:13,397: WARNING/ForkPoolWorker-7] ✅ Saved PPSI
[2025-05-03 00:57:14,177: WARNING/ForkPoolWorker-7] ✅ Saved PPTA
[2025-05-03 00:57:15,013: WARNING/ForkPoolWorker-7] ✅ Saved PRAX
[2025-05-03 00:57:15,209: WARNING/ForkPoolWorker-7] ✅ Saved PRAA
[2025-05-03 00:57:15,440: WARNING/ForkPoolWorker-7] ✅ Saved PRCH
[2025-05-03 00:57:16,612: WARNING/ForkPoolWorker-7] ✅ Saved PRCT
[2025-05-03 00:57:17,745: WARNING/ForkPoolWorker-7] ✅ Saved PRDO
[2025-05-03 00:57:18,041: WARNING/ForkPoolWorker-7] ✅ Saved PRFX
[2025-05-03 00:57:18,227: WARNING/ForkPoolWorker-7] ✅ Saved PRE
[2025-05-03 00:57:18,513: WARNING/ForkPoolWorker-7] ✅ Saved PRGS
[2025-05-03 00:57:18,724: WARNING/ForkPoolWorker-7] ✅ Saved PRLD
[2025-05-03 00:57:20,703: WARNING/ForkPoolWorker-7] ✅ Saved PROP
[2025-05-03 00:57:20,826: WARNING/ForkPoolWorker-7] ✅ Saved PROK
[2025-05-03 00:57:21,161: WARNING/ForkPoolWorker-7] ✅ Saved PRME
[2025-05-03 00:57:21,463: WARNING/ForkPoolWorker-7] ✅ Saved PROF
[2025-05-03 00:57:22,291: WARNING/ForkPoolWorker-7] ✅ Saved PROV
[2025-05-03 00:57:23,633: WARNING/ForkPoolWorker-7] ✅ Saved PRPH
[2025-05-03 00:57:23,839: WARNING/ForkPoolWorker-7] ✅ Saved PRPO
[2025-05-03 00:57:24,058: WARNING/ForkPoolWorker-7] ✅ Saved PRPL
[2025-05-03 00:57:25,007: WARNING/ForkPoolWorker-7] ✅ Saved PRQR
[2025-05-03 00:57:25,602: WARNING/ForkPoolWorker-7] ✅ Saved PRSO
[2025-05-03 00:57:26,074: WARNING/ForkPoolWorker-7] ✅ Saved PRTC
[2025-05-03 00:57:26,871: WARNING/ForkPoolWorker-7] ✅ Saved PRTA
[2025-05-03 00:57:27,134: WARNING/ForkPoolWorker-7] ✅ Saved PRTG
[2025-05-03 00:57:28,229: WARNING/ForkPoolWorker-7] ✅ Saved PRTH
[2025-05-03 00:57:28,366: WARNING/ForkPoolWorker-7] ✅ Saved PRTS
[2025-05-03 00:57:29,436: WARNING/ForkPoolWorker-7] ✅ Saved PRVA
[2025-05-03 00:57:29,846: WARNING/ForkPoolWorker-7] ❌ Error processing PRZO: database is locked
[2025-05-03 00:57:29,847: WARNING/ForkPoolWorker-7] ✅ Saved PSEC
[2025-05-03 00:57:30,691: WARNING/ForkPoolWorker-7] ✅ Saved PSIG
[2025-05-03 00:57:30,743: WARNING/ForkPoolWorker-7] ✅ Saved PSHG
[2025-05-03 00:57:32,098: WARNING/ForkPoolWorker-7] ✅ Saved PSNL
[2025-05-03 00:57:32,252: WARNING/ForkPoolWorker-7] ✅ Saved PSIX
[2025-05-03 00:57:32,922: WARNING/ForkPoolWorker-7] ✅ Saved PSNYW
[2025-05-03 00:57:33,238: WARNING/ForkPoolWorker-7] ✅ Saved PSMT
[2025-05-03 00:57:34,135: WARNING/ForkPoolWorker-7] ✅ Saved PSNY
[2025-05-03 00:57:34,322: WARNING/ForkPoolWorker-7] ✅ Saved PSTV
[2025-05-03 00:57:34,569: WARNING/ForkPoolWorker-7] ✅ Saved PT
[2025-05-03 00:57:35,208: WARNING/ForkPoolWorker-7] ✅ Saved PTC
[2025-05-03 00:57:36,207: WARNING/ForkPoolWorker-7] ✅ Saved PTCT
[2025-05-03 00:57:37,161: WARNING/ForkPoolWorker-7] ✅ Saved PTEN
[2025-05-03 00:57:37,228: WARNING/ForkPoolWorker-7] ✅ Saved PTHL
[2025-05-03 00:57:37,330: WARNING/ForkPoolWorker-7] ✅ Saved PTGX
[2025-05-03 00:57:37,381: WARNING/ForkPoolWorker-7] ✅ Saved PTIX
[2025-05-03 00:57:39,121: WARNING/ForkPoolWorker-7] ✅ Saved PTLE
[2025-05-03 00:57:39,925: WARNING/ForkPoolWorker-7] ✅ Saved PTON
[2025-05-03 00:57:40,322: WARNING/ForkPoolWorker-7] ✅ Saved PTLO
[2025-05-03 00:57:40,671: WARNING/ForkPoolWorker-7] ✅ Saved PTMN
[2025-05-03 00:57:40,994: WARNING/ForkPoolWorker-7] ✅ Saved PTPI
[2025-05-03 00:57:41,291: ERROR/ForkPoolWorker-7] $PTVE: possibly delisted; no price data found  (period=5d)
[2025-05-03 00:57:41,299: WARNING/ForkPoolWorker-7] ✅ Saved PTVE
[2025-05-03 00:57:42,371: WARNING/ForkPoolWorker-7] ✅ Saved PUBM
[2025-05-03 00:57:43,263: WARNING/ForkPoolWorker-7] ✅ Saved PVLA
[2025-05-03 00:57:43,486: WARNING/ForkPoolWorker-7] ✅ Saved PWM
[2025-05-03 00:57:43,727: WARNING/ForkPoolWorker-7] ✅ Saved PULM
[2025-05-03 00:57:43,773: WARNING/ForkPoolWorker-7] ✅ Saved PVBC
[2025-05-03 00:57:45,617: WARNING/ForkPoolWorker-7] ✅ Saved PWOD
[2025-05-03 00:57:45,939: ERROR/ForkPoolWorker-7] $PYCR: possibly delisted; no price data found  (period=5d)
[2025-05-03 00:57:45,955: WARNING/ForkPoolWorker-7] ✅ Saved PYCR
[2025-05-03 00:57:46,272: WARNING/ForkPoolWorker-7] ✅ Saved PXLW
[2025-05-03 00:57:46,753: WARNING/ForkPoolWorker-7] ✅ Saved PXS
[2025-05-03 00:57:46,833: WARNING/ForkPoolWorker-7] ✅ Saved PWP
[2025-05-03 00:57:48,319: WARNING/ForkPoolWorker-7] ✅ Saved PYPD
[2025-05-03 00:57:49,240: WARNING/ForkPoolWorker-7] ✅ Saved PYPL
[2025-05-03 00:57:49,983: WARNING/ForkPoolWorker-7] ✅ Saved PYXS
[2025-05-03 00:57:50,081: WARNING/ForkPoolWorker-7] ✅ Saved QABA
[2025-05-03 00:57:50,241: WARNING/ForkPoolWorker-7] ✅ Saved PZZA
[2025-05-03 00:57:51,572: WARNING/ForkPoolWorker-7] ✅ Saved QCLN
[2025-05-03 00:57:51,853: WARNING/ForkPoolWorker-7] ✅ Saved QCOM
[2025-05-03 00:57:52,766: ERROR/ForkPoolWorker-7] $QETA: possibly delisted; no price data found  (period=5d)
[2025-05-03 00:57:52,784: WARNING/ForkPoolWorker-7] ✅ Saved QETA
[2025-05-03 00:57:52,829: WARNING/ForkPoolWorker-7] ✅ Saved QDEL
[2025-05-03 00:57:52,949: WARNING/ForkPoolWorker-7] ✅ Saved QCRH
[2025-05-03 00:57:54,258: WARNING/ForkPoolWorker-7] ✅ Saved QETAR
[2025-05-03 00:57:55,109: WARNING/ForkPoolWorker-7] ✅ Saved QFIN
[2025-05-03 00:57:55,179: WARNING/ForkPoolWorker-7] ✅ Saved QETAU
[2025-05-03 00:57:55,514: WARNING/ForkPoolWorker-7] ✅ Saved QIPT
[2025-05-03 00:57:55,960: WARNING/ForkPoolWorker-7] ✅ Saved QH
[2025-05-03 00:57:57,218: WARNING/ForkPoolWorker-7] ✅ Saved QLYS
[2025-05-03 00:57:57,629: WARNING/ForkPoolWorker-7] ✅ Saved QLGN
[2025-05-03 00:57:58,461: WARNING/ForkPoolWorker-7] ✅ Saved QMID
[2025-05-03 00:57:58,756: WARNING/ForkPoolWorker-7] ✅ Saved QMCO
[2025-05-03 00:57:59,433: WARNING/ForkPoolWorker-7] ✅ Saved QMMM
[2025-05-03 00:58:00,142: WARNING/ForkPoolWorker-7] ✅ Saved QNCX
[2025-05-03 00:58:00,764: WARNING/ForkPoolWorker-7] ✅ Saved QNRX
[2025-05-03 00:58:01,681: WARNING/ForkPoolWorker-7] ✅ Saved QNST
[2025-05-03 00:58:01,944: WARNING/ForkPoolWorker-7] ✅ Saved QNTM
[2025-05-03 00:58:02,202: WARNING/ForkPoolWorker-7] ✅ Saved QQEW
[2025-05-03 00:58:03,524: WARNING/ForkPoolWorker-7] ✅ Saved QQQE
[2025-05-03 00:58:04,317: WARNING/ForkPoolWorker-7] ✅ Saved QQQ
[2025-05-03 00:58:04,862: WARNING/ForkPoolWorker-7] ✅ Saved QQQX
[2025-05-03 00:58:05,530: WARNING/ForkPoolWorker-7] ✅ Saved QQXT
[2025-05-03 00:58:05,993: WARNING/ForkPoolWorker-7] ✅ Saved QRHC
[2025-05-03 00:58:06,242: WARNING/ForkPoolWorker-7] ✅ Saved QRVO
[2025-05-03 00:58:07,399: WARNING/ForkPoolWorker-7] ✅ Saved QSG
[2025-05-03 00:58:07,883: WARNING/ForkPoolWorker-7] ✅ Saved QSEAU
[2025-05-03 00:58:08,813: WARNING/ForkPoolWorker-7] ✅ Saved QSML
[2025-05-03 00:58:09,000: WARNING/ForkPoolWorker-7] ✅ Saved QSI
[2025-05-03 00:58:09,968: WARNING/ForkPoolWorker-7] ✅ Saved QTEC
[2025-05-03 00:58:10,084: WARNING/ForkPoolWorker-7] ✅ Saved QTTB
[2025-05-03 00:58:10,697: WARNING/ForkPoolWorker-7] ✅ Saved QTRX
[2025-05-03 00:58:11,247: WARNING/ForkPoolWorker-7] ✅ Saved QUBT
[2025-05-03 00:58:11,389: WARNING/ForkPoolWorker-7] ✅ Saved QUIK
[2025-05-03 00:58:13,266: WARNING/ForkPoolWorker-7] ✅ Saved QURE
[2025-05-03 00:58:13,617: WARNING/ForkPoolWorker-7] ✅ Saved QVCGA
[2025-05-03 00:58:13,695: WARNING/ForkPoolWorker-7] ✅ Saved QVCGB
[2025-05-03 00:58:14,068: WARNING/ForkPoolWorker-7] ✅ Saved RADX
[2025-05-03 00:58:14,999: WARNING/ForkPoolWorker-7] ✅ Saved QVCGP
[2025-05-03 00:58:15,721: WARNING/ForkPoolWorker-7] ✅ Saved RAIL
[2025-05-03 00:58:16,299: WARNING/ForkPoolWorker-7] ✅ Saved RANG
[2025-05-03 00:58:16,576: WARNING/ForkPoolWorker-7] ✅ Saved RAND
[2025-05-03 00:58:17,166: WARNING/ForkPoolWorker-7] ✅ Saved RAIN
[2025-05-03 00:58:17,727: WARNING/ForkPoolWorker-7] ✅ Saved RANGR
[2025-05-03 00:58:18,995: WARNING/ForkPoolWorker-7] ✅ Saved RANI
[2025-05-03 00:58:19,377: WARNING/ForkPoolWorker-7] ✅ Saved RAPP
[2025-05-03 00:58:19,537: WARNING/ForkPoolWorker-7] ✅ Saved RAPT
[2025-05-03 00:58:19,612: WARNING/ForkPoolWorker-7] ✅ Saved RANGU
[2025-05-03 00:58:21,162: WARNING/ForkPoolWorker-7] ✅ Saved RARE
[2025-05-03 00:58:22,405: WARNING/ForkPoolWorker-7] ❌ Error processing RAY: database is locked
[2025-05-03 00:58:22,407: WARNING/ForkPoolWorker-7] ✅ Saved RAVE
[2025-05-03 00:58:23,136: WARNING/ForkPoolWorker-7] ✅ Saved RBB
[2025-05-03 00:58:23,159: WARNING/ForkPoolWorker-7] ✅ Saved RAYA
[2025-05-03 00:58:24,389: WARNING/ForkPoolWorker-7] ✅ Saved RBBN
[2025-05-03 00:58:25,335: WARNING/ForkPoolWorker-7] ✅ Saved RBKB
[2025-05-03 00:58:25,674: WARNING/ForkPoolWorker-7] ✅ Saved RBCAA
[2025-05-03 00:58:25,768: WARNING/ForkPoolWorker-7] ✅ Saved RCEL
[2025-05-03 00:58:26,563: WARNING/ForkPoolWorker-7] ✅ Saved RCAT
[2025-05-03 00:58:27,926: WARNING/ForkPoolWorker-7] ✅ Saved RCKT
[2025-05-03 00:58:27,980: WARNING/ForkPoolWorker-7] ✅ Saved RCKY
[2025-05-03 00:58:29,068: WARNING/ForkPoolWorker-7] ✅ Saved RCON
[2025-05-03 00:58:29,276: WARNING/ForkPoolWorker-7] ✅ Saved RCMT
[2025-05-03 00:58:29,906: WARNING/ForkPoolWorker-7] ✅ Saved RCT
[2025-05-03 00:58:30,318: WARNING/ForkPoolWorker-7] ✅ Saved RDAC
[2025-05-03 00:58:30,957: WARNING/ForkPoolWorker-7] ✅ Saved RDACR
[2025-05-03 00:58:32,307: WARNING/ForkPoolWorker-7] ✅ Saved RDCM
[2025-05-03 00:58:32,324: WARNING/ForkPoolWorker-7] ✅ Saved RDFN
[2025-05-03 00:58:32,446: WARNING/ForkPoolWorker-7] ✅ Saved RDACU
[2025-05-03 00:58:33,099: WARNING/ForkPoolWorker-7] ✅ Saved RDGT
[2025-05-03 00:58:33,883: WARNING/ForkPoolWorker-7] ✅ Saved RDHL
[2025-05-03 00:58:34,622: WARNING/ForkPoolWorker-7] ✅ Saved RDNT
[2025-05-03 00:58:35,021: WARNING/ForkPoolWorker-7] ✅ Saved RDI
[2025-05-03 00:58:35,581: WARNING/ForkPoolWorker-7] ✅ Saved RDIB
[2025-05-03 00:58:36,079: WARNING/ForkPoolWorker-7] ✅ Saved RDVT
[2025-05-03 00:58:36,103: WARNING/ForkPoolWorker-7] ✅ Saved RDUS
[2025-05-03 00:58:37,132: WARNING/ForkPoolWorker-7] ✅ Saved RDWR
[2025-05-03 00:58:37,699: WARNING/ForkPoolWorker-7] ✅ Saved RDZN
[2025-05-03 00:58:38,647: WARNING/ForkPoolWorker-7] ✅ Saved REAX
[2025-05-03 00:58:38,662: WARNING/ForkPoolWorker-7] ✅ Saved REAL
[2025-05-03 00:58:39,435: WARNING/ForkPoolWorker-7] ✅ Saved REBN
[2025-05-03 00:58:40,567: WARNING/ForkPoolWorker-7] ✅ Saved RECT
[2025-05-03 00:58:40,762: WARNING/ForkPoolWorker-7] ✅ Saved REE
[2025-05-03 00:58:41,685: WARNING/ForkPoolWorker-7] ✅ Saved REFR
[2025-05-03 00:58:41,857: WARNING/ForkPoolWorker-7] ✅ Saved REFI
[2025-05-03 00:58:42,061: WARNING/ForkPoolWorker-7] ✅ Saved REG
[2025-05-03 00:58:43,812: WARNING/ForkPoolWorker-7] ✅ Saved REGCO
[2025-05-03 00:58:44,529: WARNING/ForkPoolWorker-7] ✅ Saved RELI
[2025-05-03 00:58:44,698: WARNING/ForkPoolWorker-7] ✅ Saved REGCP
[2025-05-03 00:58:45,234: WARNING/ForkPoolWorker-7] ✅ Saved REGN
[2025-05-03 00:58:45,356: WARNING/ForkPoolWorker-7] ✅ Saved REKR
[2025-05-03 00:58:46,749: WARNING/ForkPoolWorker-7] ✅ Saved RELIW
[2025-05-03 00:58:47,616: WARNING/ForkPoolWorker-7] ✅ Saved RELL
[2025-05-03 00:58:47,958: WARNING/ForkPoolWorker-7] ✅ Saved RELY
[2025-05-03 00:58:48,008: WARNING/ForkPoolWorker-7] ✅ Saved RENB
[2025-05-03 00:58:48,894: WARNING/ForkPoolWorker-7] ✅ Saved RENE
[2025-05-03 00:58:49,442: WARNING/ForkPoolWorker-7] ✅ Saved RENEU
[2025-05-03 00:58:50,008: WARNING/ForkPoolWorker-7] ✅ Saved RENT
[2025-05-03 00:58:50,088: WARNING/ForkPoolWorker-7] ✅ Saved REPL
[2025-05-03 00:58:50,514: WARNING/ForkPoolWorker-7] ✅ Saved RETO
[2025-05-03 00:58:51,089: WARNING/ForkPoolWorker-7] ✅ Saved REVB
[2025-05-03 00:58:51,973: WARNING/ForkPoolWorker-7] ✅ Saved REYN
[2025-05-03 00:58:52,501: WARNING/ForkPoolWorker-7] ✅ Saved RFAI
[2025-05-03 00:58:52,964: WARNING/ForkPoolWorker-7] ✅ Saved RFAIU
[2025-05-03 00:58:53,713: WARNING/ForkPoolWorker-7] ✅ Saved RFAIR
[2025-05-03 00:58:54,547: WARNING/ForkPoolWorker-7] ✅ Saved RFIL
[2025-05-03 00:58:55,076: WARNING/ForkPoolWorker-7] ✅ Saved RGCO
[2025-05-03 00:58:55,111: WARNING/ForkPoolWorker-7] ✅ Saved RGC
[2025-05-03 00:58:55,663: WARNING/ForkPoolWorker-7] ✅ Saved RGEN
[2025-05-03 00:58:56,008: WARNING/ForkPoolWorker-7] ✅ Saved RGLD
[2025-05-03 00:58:57,111: WARNING/ForkPoolWorker-7] ✅ Saved RGLS
[2025-05-03 00:58:57,496: WARNING/ForkPoolWorker-7] ✅ Saved RGNX
[2025-05-03 00:58:58,246: WARNING/ForkPoolWorker-7] ❌ Error processing RGTI: database is locked
[2025-05-03 00:58:58,247: WARNING/ForkPoolWorker-7] ✅ Saved RGP
[2025-05-03 00:58:58,548: WARNING/ForkPoolWorker-7] ✅ Saved RGS
[2025-05-03 00:59:00,347: WARNING/ForkPoolWorker-7] ✅ Saved RGTIW
[2025-05-03 00:59:00,661: WARNING/ForkPoolWorker-7] ✅ Saved RHLD
[2025-05-03 00:59:00,700: WARNING/ForkPoolWorker-7] ✅ Saved RIBBR
[2025-05-03 00:59:00,751: ERROR/ForkPoolWorker-7] $RIBBU: possibly delisted; no price data found  (period=5d)
[2025-05-03 00:59:00,758: WARNING/ForkPoolWorker-7] ✅ Saved RIBBU
[2025-05-03 00:59:01,531: WARNING/ForkPoolWorker-7] ✅ Saved RIBB
[2025-05-03 00:59:03,211: WARNING/ForkPoolWorker-7] ✅ Saved RIGL
[2025-05-03 00:59:03,479: WARNING/ForkPoolWorker-7] ✅ Saved RILYG
[2025-05-03 00:59:03,567: WARNING/ForkPoolWorker-7] ✅ Saved RICK
[2025-05-03 00:59:04,233: WARNING/ForkPoolWorker-7] ✅ Saved RILY
[2025-05-03 00:59:04,374: WARNING/ForkPoolWorker-7] ✅ Saved RILYK
[2025-05-03 00:59:06,416: WARNING/ForkPoolWorker-7] ✅ Saved RILYT
[2025-05-03 00:59:06,616: WARNING/ForkPoolWorker-7] ✅ Saved RILYZ
[2025-05-03 00:59:06,858: WARNING/ForkPoolWorker-7] ✅ Saved RIOT
[2025-05-03 00:59:07,668: WARNING/ForkPoolWorker-7] ✅ Saved RILYN
[2025-05-03 00:59:07,757: WARNING/ForkPoolWorker-7] ✅ Saved RIME
[2025-05-03 00:59:09,501: WARNING/ForkPoolWorker-7] ❌ Error processing RKDA: database is locked
[2025-05-03 00:59:09,502: WARNING/ForkPoolWorker-7] ✅ Saved RITR
[2025-05-03 00:59:10,032: WARNING/ForkPoolWorker-7] ✅ Saved RIVN
[2025-05-03 00:59:10,737: WARNING/ForkPoolWorker-7] ✅ Saved RKLB
[2025-05-03 00:59:11,038: WARNING/ForkPoolWorker-7] ✅ Saved RLAY
[2025-05-03 00:59:11,916: WARNING/ForkPoolWorker-7] ✅ Saved RLMD
[2025-05-03 00:59:12,735: WARNING/ForkPoolWorker-7] ✅ Saved RLYB
[2025-05-03 00:59:12,843: WARNING/ForkPoolWorker-7] ✅ Saved RMBI
[2025-05-03 00:59:13,154: WARNING/ForkPoolWorker-7] ✅ Saved RMBL
[2025-05-03 00:59:14,542: WARNING/ForkPoolWorker-7] ✅ Saved RMBS
[2025-05-03 00:59:15,148: WARNING/ForkPoolWorker-7] ✅ Saved RMCF
[2025-05-03 00:59:15,316: WARNING/ForkPoolWorker-7] ✅ Saved RMCO
[2025-05-03 00:59:15,859: WARNING/ForkPoolWorker-7] ✅ Saved RMR
[2025-05-03 00:59:15,967: WARNING/ForkPoolWorker-7] ✅ Saved RMNI
[2025-05-03 00:59:17,420: WARNING/ForkPoolWorker-7] ✅ Saved RMSG
[2025-05-03 00:59:17,817: WARNING/ForkPoolWorker-7] ✅ Saved RMTI
[2025-05-03 00:59:18,574: WARNING/ForkPoolWorker-7] ✅ Saved RNAC
[2025-05-03 00:59:18,808: WARNING/ForkPoolWorker-7] ✅ Saved RNA
[2025-05-03 00:59:19,404: WARNING/ForkPoolWorker-7] ✅ Saved RNAZ
[2025-05-03 00:59:19,698: WARNING/ForkPoolWorker-7] ✅ Saved RNTX
[2025-05-03 00:59:20,139: WARNING/ForkPoolWorker-7] ✅ Saved RNW
[2025-05-03 00:59:21,602: WARNING/ForkPoolWorker-7] ✅ Saved ROAD
[2025-05-03 00:59:21,717: WARNING/ForkPoolWorker-7] ✅ Saved ROCK
[2025-05-03 00:59:22,094: WARNING/ForkPoolWorker-7] ✅ Saved RNXT
[2025-05-03 00:59:22,599: WARNING/ForkPoolWorker-7] ✅ Saved ROKU
[2025-05-03 00:59:22,727: WARNING/ForkPoolWorker-7] ✅ Saved ROIV
[2025-05-03 00:59:24,093: WARNING/ForkPoolWorker-7] ✅ Saved ROOT
[2025-05-03 00:59:24,435: WARNING/ForkPoolWorker-7] ✅ Saved ROMA
[2025-05-03 00:59:25,486: WARNING/ForkPoolWorker-7] ✅ Saved ROP
[2025-05-03 00:59:25,915: WARNING/ForkPoolWorker-7] ✅ Saved ROST
[2025-05-03 00:59:26,031: WARNING/ForkPoolWorker-7] ✅ Saved RPAY
[2025-05-03 00:59:26,458: WARNING/ForkPoolWorker-7] ✅ Saved RPD
[2025-05-03 00:59:27,478: WARNING/ForkPoolWorker-7] ✅ Saved RPID
[2025-05-03 00:59:28,509: WARNING/ForkPoolWorker-7] ✅ Saved RR
[2025-05-03 00:59:28,589: WARNING/ForkPoolWorker-7] ✅ Saved RPRX
[2025-05-03 00:59:28,671: WARNING/ForkPoolWorker-7] ✅ Saved RPTX
[2025-05-03 00:59:29,595: WARNING/ForkPoolWorker-7] ✅ Saved RRGB
[2025-05-03 00:59:29,774: WARNING/ForkPoolWorker-7] ✅ Saved RRBI
[2025-05-03 00:59:30,833: WARNING/ForkPoolWorker-7] ✅ Saved RSLS
[2025-05-03 00:59:30,998: WARNING/ForkPoolWorker-7] ✅ Saved RSSS
[2025-05-03 00:59:31,902: WARNING/ForkPoolWorker-7] ✅ Saved RSVR
[2025-05-03 00:59:31,994: WARNING/ForkPoolWorker-7] ✅ Saved RRR
[2025-05-03 00:59:33,135: WARNING/ForkPoolWorker-7] ✅ Saved RTC
[2025-05-03 00:59:33,741: WARNING/ForkPoolWorker-7] ✅ Saved RUN
[2025-05-03 00:59:34,086: WARNING/ForkPoolWorker-7] ✅ Saved RUM
[2025-05-03 00:59:34,725: WARNING/ForkPoolWorker-7] ✅ Saved RUSHB
[2025-05-03 00:59:35,592: WARNING/ForkPoolWorker-7] ✅ Saved RUSHA
[2025-05-03 00:59:36,406: WARNING/ForkPoolWorker-7] ✅ Saved RVMD
[2025-05-03 00:59:36,986: WARNING/ForkPoolWorker-7] ✅ Saved RVPH
[2025-05-03 00:59:37,738: WARNING/ForkPoolWorker-7] ❌ Error processing RVSN: database is locked
[2025-05-03 00:59:37,739: WARNING/ForkPoolWorker-7] ✅ Saved RVSB
[2025-05-03 00:59:38,804: WARNING/ForkPoolWorker-7] ✅ Saved RVYL
[2025-05-03 00:59:39,481: WARNING/ForkPoolWorker-7] ✅ Saved RWAY
[2025-05-03 00:59:39,714: WARNING/ForkPoolWorker-7] ✅ Saved RWAYL
[2025-05-03 00:59:40,820: WARNING/ForkPoolWorker-7] ✅ Saved RWAYZ
[2025-05-03 00:59:41,172: WARNING/ForkPoolWorker-7] ✅ Saved RXRX
[2025-05-03 00:59:41,782: WARNING/ForkPoolWorker-7] ✅ Saved RXT
[2025-05-03 00:59:41,954: WARNING/ForkPoolWorker-7] ✅ Saved RXST
[2025-05-03 00:59:42,972: WARNING/ForkPoolWorker-7] ✅ Saved RYTM
[2025-05-03 00:59:43,112: WARNING/ForkPoolWorker-7] ✅ Saved RYAAY
[2025-05-03 00:59:43,404: WARNING/ForkPoolWorker-7] ✅ Saved RZLT
[2025-05-03 00:59:44,470: WARNING/ForkPoolWorker-7] ✅ Saved SABR
[2025-05-03 00:59:44,875: WARNING/ForkPoolWorker-7] ✅ Saved RZLV
[2025-05-03 00:59:45,431: WARNING/ForkPoolWorker-7] ✅ Saved SAFT
[2025-05-03 00:59:45,871: WARNING/ForkPoolWorker-7] ✅ Saved SABS
[2025-05-03 00:59:46,918: ERROR/ForkPoolWorker-7] $SAG: possibly delisted; no price data found  (period=5d)
[2025-05-03 00:59:46,926: WARNING/ForkPoolWorker-7] ✅ Saved SAG
[2025-05-03 00:59:46,961: WARNING/ForkPoolWorker-7] ✅ Saved SAGE
[2025-05-03 00:59:47,456: WARNING/ForkPoolWorker-7] ✅ Saved SAGT
[2025-05-03 00:59:48,209: WARNING/ForkPoolWorker-7] ✅ Saved SAIC
[2025-05-03 00:59:48,589: WARNING/ForkPoolWorker-7] ✅ Saved SAIA
[2025-05-03 00:59:49,122: WARNING/ForkPoolWorker-7] ✅ Saved SAIH
[2025-05-03 00:59:49,604: WARNING/ForkPoolWorker-7] ✅ Saved SAIL
[2025-05-03 00:59:49,893: WARNING/ForkPoolWorker-7] ✅ Saved SAMG
[2025-05-03 00:59:51,618: WARNING/ForkPoolWorker-7] ✅ Saved SANG
[2025-05-03 00:59:51,680: WARNING/ForkPoolWorker-7] ✅ Saved SANA
[2025-05-03 00:59:52,003: WARNING/ForkPoolWorker-7] ✅ Saved SANM
[2025-05-03 00:59:52,711: WARNING/ForkPoolWorker-7] ✅ Saved SANW
[2025-05-03 00:59:53,357: ERROR/ForkPoolWorker-7] $SASR: possibly delisted; no price data found  (period=5d)
[2025-05-03 00:59:53,371: WARNING/ForkPoolWorker-7] ✅ Saved SASR
[2025-05-03 00:59:54,439: WARNING/ForkPoolWorker-7] ❌ Error processing SAVA: database is locked
[2025-05-03 00:59:54,439: WARNING/ForkPoolWorker-7] ✅ Saved SATS
[2025-05-03 00:59:55,187: WARNING/ForkPoolWorker-7] ✅ Saved SATL
[2025-05-03 00:59:55,679: WARNING/ForkPoolWorker-7] ✅ Saved SBAC
[2025-05-03 00:59:56,902: WARNING/ForkPoolWorker-7] ✅ Saved SBC
[2025-05-03 00:59:57,606: WARNING/ForkPoolWorker-7] ✅ Saved SBET
[2025-05-03 00:59:57,836: WARNING/ForkPoolWorker-7] ❌ Error processing SBFG: database is locked
[2025-05-03 00:59:57,838: WARNING/ForkPoolWorker-7] ✅ Saved SBFM
[2025-05-03 00:59:58,005: WARNING/ForkPoolWorker-7] ✅ Saved SBCF
[2025-05-03 00:59:59,691: WARNING/ForkPoolWorker-7] ✅ Saved SBGI
[2025-05-03 01:00:00,079: ERROR/ForkPoolWorker-7] $SBT: possibly delisted; no price data found  (period=5d)
[2025-05-03 01:00:00,087: WARNING/ForkPoolWorker-7] ✅ Saved SBT
[2025-05-03 01:00:00,196: WARNING/ForkPoolWorker-7] ✅ Saved SBLK
[2025-05-03 01:00:00,752: WARNING/ForkPoolWorker-7] ✅ Saved SBRA
[2025-05-03 01:00:01,128: WARNING/ForkPoolWorker-7] ✅ Saved SBUX
[2025-05-03 01:00:01,878: WARNING/ForkPoolWorker-7] ✅ Saved SCHL
[2025-05-03 01:00:02,660: WARNING/ForkPoolWorker-7] ✅ Saved SCKT
[2025-05-03 01:00:03,499: WARNING/ForkPoolWorker-7] ✅ Saved SCNI
[2025-05-03 01:00:03,720: WARNING/ForkPoolWorker-7] ✅ Saved SCLX
[2025-05-03 01:00:04,158: WARNING/ForkPoolWorker-7] ✅ Saved SCNX
[2025-05-03 01:00:04,315: WARNING/ForkPoolWorker-7] ✅ Saved SCOR
[2025-05-03 01:00:05,260: WARNING/ForkPoolWorker-7] ✅ Saved SCPH
[2025-05-03 01:00:06,153: WARNING/ForkPoolWorker-7] ✅ Saved SCSC
[2025-05-03 01:00:06,549: WARNING/ForkPoolWorker-7] ✅ Saved SCVL
[2025-05-03 01:00:06,855: WARNING/ForkPoolWorker-7] ✅ Saved SCYX
[2025-05-03 01:00:07,006: WARNING/ForkPoolWorker-7] ✅ Saved SCWO
[2025-05-03 01:00:07,731: WARNING/ForkPoolWorker-7] ✅ Saved SDA
[2025-05-03 01:00:08,987: WARNING/ForkPoolWorker-7] ✅ Saved SDOT
[2025-05-03 01:00:09,152: WARNING/ForkPoolWorker-7] ✅ Saved SDST
[2025-05-03 01:00:09,640: WARNING/ForkPoolWorker-7] ✅ Saved SDGR
[2025-05-03 01:00:10,105: WARNING/ForkPoolWorker-7] ✅ Saved SEAT
[2025-05-03 01:00:11,080: WARNING/ForkPoolWorker-7] ✅ Saved SEDG
[2025-05-03 01:00:12,278: WARNING/ForkPoolWorker-7] ✅ Saved SEER
[2025-05-03 01:00:12,367: WARNING/ForkPoolWorker-7] ✅ Saved SEED
[2025-05-03 01:00:13,277: WARNING/ForkPoolWorker-7] ✅ Saved SEIC
[2025-05-03 01:00:13,585: WARNING/ForkPoolWorker-7] ✅ Saved SELF
[2025-05-03 01:00:14,050: WARNING/ForkPoolWorker-7] ✅ Saved SELX
[2025-05-03 01:00:14,673: WARNING/ForkPoolWorker-7] ✅ Saved SENEA
[2025-05-03 01:00:15,392: WARNING/ForkPoolWorker-7] ✅ Saved SENEB
[2025-05-03 01:00:15,518: WARNING/ForkPoolWorker-7] ✅ Saved SEPN
[2025-05-03 01:00:16,397: WARNING/ForkPoolWorker-7] ✅ Saved SERV
[2025-05-03 01:00:16,862: WARNING/ForkPoolWorker-7] ✅ Saved SERA
[2025-05-03 01:00:17,372: WARNING/ForkPoolWorker-7] ✅ Saved SEVN
[2025-05-03 01:00:17,947: WARNING/ForkPoolWorker-7] ✅ Saved SFBC
[2025-05-03 01:00:18,698: WARNING/ForkPoolWorker-7] ✅ Saved SEZL
[2025-05-03 01:00:18,713: WARNING/ForkPoolWorker-7] ✅ Saved SFD
[2025-05-03 01:00:19,647: WARNING/ForkPoolWorker-7] ✅ Saved SFHG
[2025-05-03 01:00:20,042: WARNING/ForkPoolWorker-7] ✅ Saved SFIX
[2025-05-03 01:00:21,495: WARNING/ForkPoolWorker-7] ✅ Saved SFM
[2025-05-03 01:00:21,671: WARNING/ForkPoolWorker-7] ✅ Saved SFNC
[2025-05-03 01:00:22,144: WARNING/ForkPoolWorker-7] ✅ Saved SFST
[2025-05-03 01:00:22,781: WARNING/ForkPoolWorker-7] ✅ Saved SFWL
[2025-05-03 01:00:22,958: WARNING/ForkPoolWorker-7] ✅ Saved SGA
[2025-05-03 01:00:24,077: WARNING/ForkPoolWorker-7] ✅ Saved SGC
[2025-05-03 01:00:24,706: WARNING/ForkPoolWorker-7] ❌ Error processing SGBX: database is locked
[2025-05-03 01:00:24,708: WARNING/ForkPoolWorker-7] ✅ Saved SGD
[2025-05-03 01:00:25,288: WARNING/ForkPoolWorker-7] ✅ Saved SGHT
[2025-05-03 01:00:25,357: WARNING/ForkPoolWorker-7] ✅ Saved SGLY
[2025-05-03 01:00:27,178: WARNING/ForkPoolWorker-7] ✅ Saved SGMA
[2025-05-03 01:00:27,210: WARNING/ForkPoolWorker-7] ✅ Saved SGML
[2025-05-03 01:00:27,825: WARNING/ForkPoolWorker-7] ✅ Saved SGMO
[2025-05-03 01:00:28,535: WARNING/ForkPoolWorker-7] ✅ Saved SGRP
[2025-05-03 01:00:28,635: WARNING/ForkPoolWorker-7] ✅ Saved SGMT
[2025-05-03 01:00:29,337: WARNING/ForkPoolWorker-7] ✅ Saved SGRY
[2025-05-03 01:00:30,856: WARNING/ForkPoolWorker-7] ✅ Saved SHBI
[2025-05-03 01:00:31,484: WARNING/ForkPoolWorker-7] ✅ Saved SHC
[2025-05-03 01:00:31,685: WARNING/ForkPoolWorker-7] ✅ Saved SHEN
[2025-05-03 01:00:31,731: WARNING/ForkPoolWorker-7] ✅ Saved SHIM
[2025-05-03 01:00:31,812: WARNING/ForkPoolWorker-7] ✅ Saved SHFS
[2025-05-03 01:00:33,925: WARNING/ForkPoolWorker-7] ✅ Saved SHIP
[2025-05-03 01:00:33,978: WARNING/ForkPoolWorker-7] ✅ Saved SHLS
[2025-05-03 01:00:34,527: WARNING/ForkPoolWorker-7] ✅ Saved SHMD
[2025-05-03 01:00:35,126: WARNING/ForkPoolWorker-7] ✅ Saved SHOO
[2025-05-03 01:00:35,173: ERROR/ForkPoolWorker-7] $SHLT: possibly delisted; no price data found  (period=5d)
[2025-05-03 01:00:35,181: WARNING/ForkPoolWorker-7] ✅ Saved SHLT
[2025-05-03 01:00:36,397: WARNING/ForkPoolWorker-7] ✅ Saved SHOP
[2025-05-03 01:00:37,389: WARNING/ForkPoolWorker-7] ❌ Error processing SHOT: database is locked
[2025-05-03 01:00:37,390: WARNING/ForkPoolWorker-7] ✅ Saved SHPH
[2025-05-03 01:00:37,805: WARNING/ForkPoolWorker-7] ✅ Saved SIBN
[2025-05-03 01:00:38,486: WARNING/ForkPoolWorker-7] ✅ Saved SHYF
[2025-05-03 01:00:39,162: WARNING/ForkPoolWorker-7] ✅ Saved SIDU
[2025-05-03 01:00:40,336: WARNING/ForkPoolWorker-7] ✅ Saved SIFY
[2025-05-03 01:00:40,871: WARNING/ForkPoolWorker-7] ✅ Saved SIGI
[2025-05-03 01:00:40,925: WARNING/ForkPoolWorker-7] ✅ Saved SIEB
[2025-05-03 01:00:41,089: WARNING/ForkPoolWorker-7] ✅ Saved SIGA
[2025-05-03 01:00:42,519: WARNING/ForkPoolWorker-7] ✅ Saved SILC
[2025-05-03 01:00:42,560: WARNING/ForkPoolWorker-7] ✅ Saved SILO
[2025-05-03 01:00:43,961: WARNING/ForkPoolWorker-7] ✅ Saved SIMO
[2025-05-03 01:00:44,290: WARNING/ForkPoolWorker-7] ✅ Saved SIMA
[2025-05-03 01:00:44,335: WARNING/ForkPoolWorker-7] ✅ Saved SIMAU
[2025-05-03 01:00:44,960: WARNING/ForkPoolWorker-7] ✅ Saved SION
[2025-05-03 01:00:46,118: WARNING/ForkPoolWorker-7] ✅ Saved SINT
[2025-05-03 01:00:46,758: WARNING/ForkPoolWorker-7] ✅ Saved SISI
[2025-05-03 01:00:47,063: WARNING/ForkPoolWorker-7] ✅ Saved SITM
[2025-05-03 01:00:47,555: WARNING/ForkPoolWorker-7] ✅ Saved SIRI
[2025-05-03 01:00:47,843: WARNING/ForkPoolWorker-7] ✅ Saved SJ
[2025-05-03 01:00:48,822: WARNING/ForkPoolWorker-7] ✅ Saved SJW
[2025-05-03 01:00:49,149: WARNING/ForkPoolWorker-7] ✅ Saved SKBL
[2025-05-03 01:00:50,143: WARNING/ForkPoolWorker-7] ✅ Saved SKGRU
[2025-05-03 01:00:50,510: ERROR/ForkPoolWorker-7] $SKGR: possibly delisted; no price data found  (period=5d)
[2025-05-03 01:00:50,519: WARNING/ForkPoolWorker-7] ✅ Saved SKGR
[2025-05-03 01:00:51,401: WARNING/ForkPoolWorker-7] ✅ Saved SKIN
[2025-05-03 01:00:51,572: WARNING/ForkPoolWorker-7] ✅ Saved SKK
[2025-05-03 01:00:52,688: WARNING/ForkPoolWorker-7] ✅ Saved SKYE
[2025-05-03 01:00:53,033: WARNING/ForkPoolWorker-7] ✅ Saved SKOR
[2025-05-03 01:00:53,458: WARNING/ForkPoolWorker-7] ✅ Saved SKWD
[2025-05-03 01:00:53,896: WARNING/ForkPoolWorker-7] ✅ Saved SKYQ
[2025-05-03 01:00:54,194: WARNING/ForkPoolWorker-7] ✅ Saved SKYT
[2025-05-03 01:00:55,821: WARNING/ForkPoolWorker-7] ✅ Saved SKYX
[2025-05-03 01:00:56,164: WARNING/ForkPoolWorker-7] ✅ Saved SKYU
[2025-05-03 01:00:56,562: WARNING/ForkPoolWorker-7] ✅ Saved SKYW
[2025-05-03 01:00:57,282: WARNING/ForkPoolWorker-7] ✅ Saved SLDB
[2025-05-03 01:00:57,337: WARNING/ForkPoolWorker-7] ✅ Saved SLAB
[2025-05-03 01:00:58,717: WARNING/ForkPoolWorker-7] ❌ Error processing SLE: database is locked
[2025-05-03 01:00:58,718: WARNING/ForkPoolWorker-7] ✅ Saved SLGL
[2025-05-03 01:00:59,141: WARNING/ForkPoolWorker-7] ✅ Saved SLDP
[2025-05-03 01:01:00,022: WARNING/ForkPoolWorker-7] ✅ Saved SLM
[2025-05-03 01:01:00,645: WARNING/ForkPoolWorker-7] ✅ Saved SLMBP
[2025-05-03 01:01:01,316: WARNING/ForkPoolWorker-7] ✅ Saved SLN
[2025-05-03 01:01:01,732: WARNING/ForkPoolWorker-7] ✅ Saved SLNG
[2025-05-03 01:01:02,693: WARNING/ForkPoolWorker-7] ✅ Saved SLNH
[2025-05-03 01:01:03,336: WARNING/ForkPoolWorker-7] ❌ Error processing SLNHP: database is locked
[2025-05-03 01:01:03,337: WARNING/ForkPoolWorker-7] ✅ Saved SLNO
[2025-05-03 01:01:03,489: WARNING/ForkPoolWorker-7] ✅ Saved SLP
[2025-05-03 01:01:04,167: WARNING/ForkPoolWorker-7] ✅ Saved SLRC
[2025-05-03 01:01:05,226: WARNING/ForkPoolWorker-7] ✅ Saved SLRN
[2025-05-03 01:01:05,494: WARNING/ForkPoolWorker-7] ✅ Saved SLRX
[2025-05-03 01:01:06,750: WARNING/ForkPoolWorker-7] ✅ Saved SLS
[2025-05-03 01:01:06,779: WARNING/ForkPoolWorker-7] ✅ Saved SLVO
[2025-05-03 01:01:07,550: WARNING/ForkPoolWorker-7] ✅ Saved SLXN
[2025-05-03 01:01:07,668: WARNING/ForkPoolWorker-7] ✅ Saved SMBC
[2025-05-03 01:01:07,780: WARNING/ForkPoolWorker-7] ✅ Saved SMCI
[2025-05-03 01:01:09,623: WARNING/ForkPoolWorker-7] ✅ Saved SMID
[2025-05-03 01:01:10,067: WARNING/ForkPoolWorker-7] ✅ Saved SMLR
[2025-05-03 01:01:10,358: WARNING/ForkPoolWorker-7] ✅ Saved SMMT
[2025-05-03 01:01:10,360: WARNING/ForkPoolWorker-7] ✅ Saved SMPL
[2025-05-03 01:01:10,471: WARNING/ForkPoolWorker-7] ✅ Saved SMSI
[2025-05-03 01:01:11,963: WARNING/ForkPoolWorker-7] ✅ Saved SMTC
[2025-05-03 01:01:12,860: WARNING/ForkPoolWorker-7] ✅ Saved SMXT
[2025-05-03 01:01:13,083: WARNING/ForkPoolWorker-7] ✅ Saved SMTK
[2025-05-03 01:01:13,489: WARNING/ForkPoolWorker-7] ❌ Error processing SMTI: database is locked
[2025-05-03 01:01:13,491: WARNING/ForkPoolWorker-7] ✅ Saved SMX
[2025-05-03 01:01:14,290: WARNING/ForkPoolWorker-7] ✅ Saved SNAL
[2025-05-03 01:01:15,665: WARNING/ForkPoolWorker-7] ✅ Saved SNCY
[2025-05-03 01:01:15,928: WARNING/ForkPoolWorker-7] ✅ Saved SNCRL
[2025-05-03 01:01:15,958: WARNING/ForkPoolWorker-7] ✅ Saved SNCR
[2025-05-03 01:01:16,315: WARNING/ForkPoolWorker-7] ✅ Saved SNBR
[2025-05-03 01:01:16,636: WARNING/ForkPoolWorker-7] ✅ Saved SND
[2025-05-03 01:01:18,544: WARNING/ForkPoolWorker-7] ✅ Saved SNDX
[2025-05-03 01:01:18,853: WARNING/ForkPoolWorker-7] ✅ Saved SNDL
[2025-05-03 01:01:19,029: WARNING/ForkPoolWorker-7] ✅ Saved SNDK
[2025-05-03 01:01:19,487: WARNING/ForkPoolWorker-7] ✅ Saved SNEX
[2025-05-03 01:01:20,082: WARNING/ForkPoolWorker-7] ✅ Saved SNES
[2025-05-03 01:01:21,266: WARNING/ForkPoolWorker-7] ✅ Saved SNOA
[2025-05-03 01:01:21,731: WARNING/ForkPoolWorker-7] ✅ Saved SNFCA
[2025-05-03 01:01:21,928: WARNING/ForkPoolWorker-7] ✅ Saved SNGX
[2025-05-03 01:01:22,365: WARNING/ForkPoolWorker-7] ✅ Saved SNPS
[2025-05-03 01:01:22,585: WARNING/ForkPoolWorker-7] ✅ Saved SNPX
[2025-05-03 01:01:24,326: WARNING/ForkPoolWorker-7] ✅ Saved SNT
[2025-05-03 01:01:24,576: WARNING/ForkPoolWorker-7] ✅ Saved SNRE
[2025-05-03 01:01:25,040: WARNING/ForkPoolWorker-7] ✅ Saved SNSE
[2025-05-03 01:01:25,317: WARNING/ForkPoolWorker-7] ✅ Saved SNTG
[2025-05-03 01:01:25,503: WARNING/ForkPoolWorker-7] ✅ Saved SNTI
[2025-05-03 01:01:27,322: WARNING/ForkPoolWorker-7] ✅ Saved SNWV
[2025-05-03 01:01:28,020: WARNING/ForkPoolWorker-7] ✅ Saved SOFI
[2025-05-03 01:01:28,158: WARNING/ForkPoolWorker-7] ✅ Saved SNY
[2025-05-03 01:01:28,376: WARNING/ForkPoolWorker-7] ✅ Saved SNYR
[2025-05-03 01:01:28,698: WARNING/ForkPoolWorker-7] ✅ Saved SOBR
[2025-05-03 01:01:30,139: WARNING/ForkPoolWorker-7] ✅ Saved SOHO
[2025-05-03 01:01:30,679: WARNING/ForkPoolWorker-7] ✅ Saved SOGP
[2025-05-03 01:01:31,218: WARNING/ForkPoolWorker-7] ✅ Saved SOHOO
[2025-05-03 01:01:32,241: WARNING/ForkPoolWorker-7] ✅ Saved SOHOB
[2025-05-03 01:01:32,574: WARNING/ForkPoolWorker-7] ✅ Saved SOHON
[2025-05-03 01:01:32,980: WARNING/ForkPoolWorker-7] ✅ Saved SOHU
[2025-05-03 01:01:33,903: WARNING/ForkPoolWorker-7] ✅ Saved SOND
[2025-05-03 01:01:34,626: WARNING/ForkPoolWorker-7] ✅ Saved SONM
[2025-05-03 01:01:35,713: WARNING/ForkPoolWorker-7] ✅ Saved SONN
[2025-05-03 01:01:35,751: WARNING/ForkPoolWorker-7] ✅ Saved SOPA
[2025-05-03 01:01:35,883: WARNING/ForkPoolWorker-7] ✅ Saved SONO
[2025-05-03 01:01:36,148: WARNING/ForkPoolWorker-7] ✅ Saved SOPH
[2025-05-03 01:01:37,450: WARNING/ForkPoolWorker-7] ✅ Saved SOTK
[2025-05-03 01:01:38,114: WARNING/ForkPoolWorker-7] ✅ Saved SOWG
[2025-05-03 01:01:38,329: WARNING/ForkPoolWorker-7] ✅ Saved SPAI
[2025-05-03 01:01:38,747: WARNING/ForkPoolWorker-7] ✅ Saved SPCB
[2025-05-03 01:01:39,169: WARNING/ForkPoolWorker-7] ✅ Saved SOUN
[2025-05-03 01:01:40,557: WARNING/ForkPoolWorker-7] ✅ Saved SPHL
[2025-05-03 01:01:40,848: WARNING/ForkPoolWorker-7] ✅ Saved SPFI
[2025-05-03 01:01:41,791: WARNING/ForkPoolWorker-7] ✅ Saved SPKL
[2025-05-03 01:01:41,853: WARNING/ForkPoolWorker-7] ✅ Saved SPKLU
[2025-05-03 01:01:42,084: WARNING/ForkPoolWorker-7] ✅ Saved SPNS
[2025-05-03 01:01:42,865: WARNING/ForkPoolWorker-7] ✅ Saved SPOK
[2025-05-03 01:01:43,977: WARNING/ForkPoolWorker-7] ✅ Saved SPRB
[2025-05-03 01:01:44,025: WARNING/ForkPoolWorker-7] ✅ Saved SPPL
[2025-05-03 01:01:44,365: WARNING/ForkPoolWorker-7] ✅ Saved SPRC
[2025-05-03 01:01:45,437: WARNING/ForkPoolWorker-7] ✅ Saved SPRY
[2025-05-03 01:01:45,539: WARNING/ForkPoolWorker-7] ✅ Saved SPRO
[2025-05-03 01:01:46,514: WARNING/ForkPoolWorker-7] ✅ Saved SPT
[2025-05-03 01:01:46,720: WARNING/ForkPoolWorker-7] ✅ Saved SPSC
[2025-05-03 01:01:47,615: WARNING/ForkPoolWorker-7] ✅ Saved SPTN
[2025-05-03 01:01:47,757: WARNING/ForkPoolWorker-7] ✅ Saved SPWH
[2025-05-03 01:01:48,698: WARNING/ForkPoolWorker-7] ✅ Saved SQFT
[2025-05-03 01:01:49,945: WARNING/ForkPoolWorker-7] ✅ Saved SQFTP
[2025-05-03 01:01:50,357: WARNING/ForkPoolWorker-7] ✅ Saved SQFTW
[2025-05-03 01:01:50,416: WARNING/ForkPoolWorker-7] ✅ Saved SRAD
[2025-05-03 01:01:51,115: WARNING/ForkPoolWorker-7] ✅ Saved SRBK
[2025-05-03 01:01:51,181: WARNING/ForkPoolWorker-7] ✅ Saved SQQQ
[2025-05-03 01:01:52,759: WARNING/ForkPoolWorker-7] ✅ Saved SRM
[2025-05-03 01:01:53,021: WARNING/ForkPoolWorker-7] ✅ Saved SRCE
[2025-05-03 01:01:53,936: WARNING/ForkPoolWorker-7] ✅ Saved SRDX
[2025-05-03 01:01:54,184: WARNING/ForkPoolWorker-7] ✅ Saved SRPT
[2025-05-03 01:01:54,596: WARNING/ForkPoolWorker-7] ✅ Saved SRRK
[2025-05-03 01:01:55,352: WARNING/ForkPoolWorker-7] ✅ Saved SRTS
[2025-05-03 01:01:56,151: WARNING/ForkPoolWorker-7] ✅ Saved SSBI
[2025-05-03 01:01:56,291: WARNING/ForkPoolWorker-7] ✅ Saved SRZN
[2025-05-03 01:01:56,704: WARNING/ForkPoolWorker-7] ✅ Saved SSKN
[2025-05-03 01:01:57,172: WARNING/ForkPoolWorker-7] ✅ Saved SSBK
[2025-05-03 01:01:58,354: WARNING/ForkPoolWorker-7] ✅ Saved SSNC
[2025-05-03 01:01:58,919: WARNING/ForkPoolWorker-7] ✅ Saved SSRM
[2025-05-03 01:01:59,246: WARNING/ForkPoolWorker-7] ✅ Saved SSP
[2025-05-03 01:01:59,779: WARNING/ForkPoolWorker-7] ✅ Saved SSSS
[2025-05-03 01:02:00,260: WARNING/ForkPoolWorker-7] ✅ Saved SSSSL
[2025-05-03 01:02:01,108: WARNING/ForkPoolWorker-7] ✅ Saved SSTI
[2025-05-03 01:02:01,760: WARNING/ForkPoolWorker-7] ✅ Saved SSYS
[2025-05-03 01:02:01,981: WARNING/ForkPoolWorker-7] ✅ Saved STAA
[2025-05-03 01:02:02,413: WARNING/ForkPoolWorker-7] ✅ Saved STAK
[2025-05-03 01:02:03,105: WARNING/ForkPoolWorker-7] ✅ Saved STAI
[2025-05-03 01:02:04,263: WARNING/ForkPoolWorker-7] ❌ Error processing STBX: database is locked
[2025-05-03 01:02:04,265: WARNING/ForkPoolWorker-7] ✅ Saved STEC
[2025-05-03 01:02:04,730: WARNING/ForkPoolWorker-7] ✅ Saved STBA
[2025-05-03 01:02:05,439: WARNING/ForkPoolWorker-7] ✅ Saved STFS
[2025-05-03 01:02:05,801: WARNING/ForkPoolWorker-7] ✅ Saved STEP
[2025-05-03 01:02:06,867: WARNING/ForkPoolWorker-7] ✅ Saved STHO
[2025-05-03 01:02:07,436: WARNING/ForkPoolWorker-7] ✅ Saved STI
[2025-05-03 01:02:07,545: WARNING/ForkPoolWorker-7] ✅ Saved STGW
[2025-05-03 01:02:08,600: WARNING/ForkPoolWorker-7] ✅ Saved STIM
[2025-05-03 01:02:09,258: WARNING/ForkPoolWorker-7] ✅ Saved STKH
[2025-05-03 01:02:09,624: WARNING/ForkPoolWorker-7] ✅ Saved STKL
[2025-05-03 01:02:10,458: WARNING/ForkPoolWorker-7] ✅ Saved STKS
[2025-05-03 01:02:11,358: WARNING/ForkPoolWorker-7] ✅ Saved STLD
[2025-05-03 01:02:11,949: WARNING/ForkPoolWorker-7] ✅ Saved STNE
[2025-05-03 01:02:12,741: WARNING/ForkPoolWorker-7] ✅ Saved STOK
[2025-05-03 01:02:12,971: WARNING/ForkPoolWorker-7] ✅ Saved STRA
[2025-05-03 01:02:13,433: WARNING/ForkPoolWorker-7] ✅ Saved STRF
[2025-05-03 01:02:15,612: WARNING/ForkPoolWorker-7] ✅ Saved STRK
[2025-05-03 01:02:15,900: WARNING/ForkPoolWorker-7] ✅ Saved STRO
[2025-05-03 01:02:16,227: WARNING/ForkPoolWorker-7] ✅ Saved STRL
[2025-05-03 01:02:16,382: WARNING/ForkPoolWorker-7] ✅ Saved STRM
[2025-05-03 01:02:16,574: WARNING/ForkPoolWorker-7] ✅ Saved STRR
[2025-05-03 01:02:18,830: WARNING/ForkPoolWorker-7] ✅ Saved STTK
[2025-05-03 01:02:19,287: WARNING/ForkPoolWorker-7] ✅ Saved STRS
[2025-05-03 01:02:19,351: WARNING/ForkPoolWorker-7] ✅ Saved STSS
[2025-05-03 01:02:19,353: WARNING/ForkPoolWorker-7] ✅ Saved STRT
[2025-05-03 01:02:19,580: WARNING/ForkPoolWorker-7] ✅ Saved STRRP
[2025-05-03 01:02:21,134: WARNING/ForkPoolWorker-7] ✅ Saved STX
[2025-05-03 01:02:21,908: WARNING/ForkPoolWorker-7] ✅ Saved SUGP
[2025-05-03 01:02:22,003: WARNING/ForkPoolWorker-7] ✅ Saved SUNS
[2025-05-03 01:02:22,448: WARNING/ForkPoolWorker-7] ✅ Saved SUNE
[2025-05-03 01:02:23,094: WARNING/ForkPoolWorker-7] ✅ Saved SUPN
[2025-05-03 01:02:23,598: WARNING/ForkPoolWorker-7] ✅ Saved SURG
[2025-05-03 01:02:24,671: WARNING/ForkPoolWorker-7] ✅ Saved SVA
[2025-05-03 01:02:24,902: WARNING/ForkPoolWorker-7] ✅ Saved SVC
[2025-05-03 01:02:25,311: WARNING/ForkPoolWorker-7] ✅ Saved SUUN
[2025-05-03 01:02:26,596: WARNING/ForkPoolWorker-7] ✅ Saved SVCC
[2025-05-03 01:02:26,987: WARNING/ForkPoolWorker-7] ✅ Saved SVCCU
[2025-05-03 01:02:27,590: WARNING/ForkPoolWorker-7] ✅ Saved SVCO
[2025-05-03 01:02:28,054: WARNING/ForkPoolWorker-7] ✅ Saved SVIIR
[2025-05-03 01:02:28,172: WARNING/ForkPoolWorker-7] ✅ Saved SVII
[2025-05-03 01:02:30,322: WARNING/ForkPoolWorker-7] ✅ Saved SVRE
[2025-05-03 01:02:30,351: WARNING/ForkPoolWorker-7] ✅ Saved SVRA
[2025-05-03 01:02:30,829: WARNING/ForkPoolWorker-7] ✅ Saved SVIIU
[2025-05-03 01:02:31,174: WARNING/ForkPoolWorker-7] ✅ Saved SWAG
[2025-05-03 01:02:31,319: WARNING/ForkPoolWorker-7] ✅ Saved SWBI
[2025-05-03 01:02:32,544: WARNING/ForkPoolWorker-7] ❌ Error processing SWIM: database is locked
[2025-05-03 01:02:32,545: WARNING/ForkPoolWorker-7] ✅ Saved SWIN
[2025-05-03 01:02:33,893: WARNING/ForkPoolWorker-7] ✅ Saved SWKS
[2025-05-03 01:02:34,221: WARNING/ForkPoolWorker-7] ✅ Saved SWKH
[2025-05-03 01:02:34,822: WARNING/ForkPoolWorker-7] ✅ Saved SWVL
[2025-05-03 01:02:34,925: WARNING/ForkPoolWorker-7] ✅ Saved SWKHL
[2025-05-03 01:02:35,855: WARNING/ForkPoolWorker-7] ✅ Saved SWTX
[2025-05-03 01:02:36,725: WARNING/ForkPoolWorker-7] ✅ Saved SXTC
[2025-05-03 01:02:37,039: WARNING/ForkPoolWorker-7] ✅ Saved SY
[2025-05-03 01:02:37,065: WARNING/ForkPoolWorker-7] ✅ Saved SXTP
[2025-05-03 01:02:38,339: WARNING/ForkPoolWorker-7] ✅ Saved SYBT
[2025-05-03 01:02:38,369: WARNING/ForkPoolWorker-7] ✅ Saved SYBX
[2025-05-03 01:02:39,350: WARNING/ForkPoolWorker-7] ✅ Saved SYM
[2025-05-03 01:02:39,414: WARNING/ForkPoolWorker-7] ✅ Saved SYNA
[2025-05-03 01:02:39,837: WARNING/ForkPoolWorker-7] ✅ Saved SYPR
[2025-05-03 01:02:41,009: WARNING/ForkPoolWorker-7] ✅ Saved SYRA
[2025-05-03 01:02:41,782: WARNING/ForkPoolWorker-7] ✅ Saved SYRE
[2025-05-03 01:02:42,314: WARNING/ForkPoolWorker-7] ✅ Saved SYTA
[2025-05-03 01:02:42,382: WARNING/ForkPoolWorker-7] ✅ Saved SYT
[2025-05-03 01:02:42,672: WARNING/ForkPoolWorker-7] ✅ Saved TACT
[2025-05-03 01:02:44,421: WARNING/ForkPoolWorker-7] ✅ Saved TAIT
[2025-05-03 01:02:44,901: WARNING/ForkPoolWorker-7] ✅ Saved TARA
[2025-05-03 01:02:44,930: WARNING/ForkPoolWorker-7] ❌ Error processing TAOP: database is locked
[2025-05-03 01:02:44,931: WARNING/ForkPoolWorker-7] ✅ Saved TALK
[2025-05-03 01:02:45,304: WARNING/ForkPoolWorker-7] ✅ Saved TANH
[2025-05-03 01:02:47,126: WARNING/ForkPoolWorker-7] ✅ Saved TASK
[2025-05-03 01:02:47,269: WARNING/ForkPoolWorker-7] ✅ Saved TARS
[2025-05-03 01:02:47,421: WARNING/ForkPoolWorker-7] ✅ Saved TAVI
[2025-05-03 01:02:47,869: WARNING/ForkPoolWorker-7] ✅ Saved TATT
[2025-05-03 01:02:49,383: WARNING/ForkPoolWorker-7] ✅ Saved TAVIR
[2025-05-03 01:02:49,427: WARNING/ForkPoolWorker-7] ✅ Saved TAYD
[2025-05-03 01:02:49,968: WARNING/ForkPoolWorker-7] ✅ Saved TBBK
[2025-05-03 01:02:50,647: WARNING/ForkPoolWorker-7] ✅ Saved TAVIU
[2025-05-03 01:02:50,989: WARNING/ForkPoolWorker-7] ✅ Saved TBCH
[2025-05-03 01:02:52,705: WARNING/ForkPoolWorker-7] ✅ Saved TBH
[2025-05-03 01:02:52,797: WARNING/ForkPoolWorker-7] ✅ Saved TBLA
[2025-05-03 01:02:52,944: WARNING/ForkPoolWorker-7] ✅ Saved TBMC
[2025-05-03 01:02:53,142: WARNING/ForkPoolWorker-7] ✅ Saved TBLD
[2025-05-03 01:02:54,762: WARNING/ForkPoolWorker-7] ✅ Saved TBMCR
[2025-05-03 01:02:55,382: WARNING/ForkPoolWorker-7] ✅ Saved TBPH
[2025-05-03 01:02:55,770: WARNING/ForkPoolWorker-7] ✅ Saved TC
[2025-05-03 01:02:56,055: WARNING/ForkPoolWorker-7] ✅ Saved TBRG
[2025-05-03 01:02:56,373: ERROR/ForkPoolWorker-7] $TBNK: possibly delisted; no price data found  (period=5d)
[2025-05-03 01:02:56,389: WARNING/ForkPoolWorker-7] ✅ Saved TBNK
[2025-05-03 01:02:58,167: WARNING/ForkPoolWorker-7] ✅ Saved TCBI
[2025-05-03 01:02:58,183: WARNING/ForkPoolWorker-7] ✅ Saved TCBK
[2025-05-03 01:02:59,007: WARNING/ForkPoolWorker-7] ✅ Saved TCBX
[2025-05-03 01:02:59,133: WARNING/ForkPoolWorker-7] ✅ Saved TCBS
[2025-05-03 01:02:59,969: WARNING/ForkPoolWorker-7] ✅ Saved TCMD
[2025-05-03 01:03:01,025: WARNING/ForkPoolWorker-7] ✅ Saved TCPC
[2025-05-03 01:03:01,646: WARNING/ForkPoolWorker-7] ✅ Saved TCOM
[2025-05-03 01:03:02,021: WARNING/ForkPoolWorker-7] ✅ Saved TCRX
[2025-05-03 01:03:02,112: WARNING/ForkPoolWorker-7] ✅ Saved TCRT
[2025-05-03 01:03:02,847: ERROR/ForkPoolWorker-7] $TCTM: possibly delisted; no price data found  (period=5d)
[2025-05-03 01:03:02,856: WARNING/ForkPoolWorker-7] ✅ Saved TCTM
[2025-05-03 01:03:03,107: WARNING/ForkPoolWorker-7] ✅ Saved TCX
[2025-05-03 01:03:04,518: WARNING/ForkPoolWorker-7] ✅ Saved TDAC
[2025-05-03 01:03:05,187: WARNING/ForkPoolWorker-7] ✅ Saved TDACU
[2025-05-03 01:03:05,311: WARNING/ForkPoolWorker-7] ✅ Saved TDIV
[2025-05-03 01:03:06,011: WARNING/ForkPoolWorker-7] ✅ Saved TDTH
[2025-05-03 01:03:06,692: WARNING/ForkPoolWorker-7] ✅ Saved TDUP
[2025-05-03 01:03:07,302: WARNING/ForkPoolWorker-7] ✅ Saved TEAM
[2025-05-03 01:03:07,832: WARNING/ForkPoolWorker-7] ✅ Saved TECTP
[2025-05-03 01:03:08,154: WARNING/ForkPoolWorker-7] ✅ Saved TECH
[2025-05-03 01:03:08,605: WARNING/ForkPoolWorker-7] ✅ Saved TECX
[2025-05-03 01:03:10,292: WARNING/ForkPoolWorker-7] ✅ Saved TELA
[2025-05-03 01:03:10,491: WARNING/ForkPoolWorker-7] ❌ Error processing TEM: database is locked
[2025-05-03 01:03:10,492: WARNING/ForkPoolWorker-7] ✅ Saved TENB
[2025-05-03 01:03:10,796: WARNING/ForkPoolWorker-7] ✅ Saved TELO
[2025-05-03 01:03:11,985: WARNING/ForkPoolWorker-7] ✅ Saved TENX
[2025-05-03 01:03:12,625: WARNING/ForkPoolWorker-7] ✅ Saved TER
[2025-05-03 01:03:12,809: WARNING/ForkPoolWorker-7] ✅ Saved TFIN
[2025-05-03 01:03:13,169: WARNING/ForkPoolWorker-7] ✅ Saved TERN
[2025-05-03 01:03:13,624: WARNING/ForkPoolWorker-7] ✅ Saved TFSL
[2025-05-03 01:03:15,093: WARNING/ForkPoolWorker-7] ✅ Saved TH
[2025-05-03 01:03:15,494: WARNING/ForkPoolWorker-7] ❌ Error processing TGL: database is locked
[2025-05-03 01:03:15,494: WARNING/ForkPoolWorker-7] ✅ Saved THAR
[2025-05-03 01:03:15,522: WARNING/ForkPoolWorker-7] ✅ Saved TGTX
[2025-05-03 01:03:16,906: WARNING/ForkPoolWorker-7] ✅ Saved THCH
[2025-05-03 01:03:17,852: WARNING/ForkPoolWorker-7] ✅ Saved THRD
[2025-05-03 01:03:17,972: WARNING/ForkPoolWorker-7] ✅ Saved THFF
[2025-05-03 01:03:18,846: WARNING/ForkPoolWorker-7] ✅ Saved THRY
[2025-05-03 01:03:18,905: WARNING/ForkPoolWorker-7] ✅ Saved THRM
[2025-05-03 01:03:19,673: WARNING/ForkPoolWorker-7] ✅ Saved THTX
[2025-05-03 01:03:20,161: WARNING/ForkPoolWorker-7] ✅ Saved TIGR
[2025-05-03 01:03:20,973: WARNING/ForkPoolWorker-7] ✅ Saved TIGO
[2025-05-03 01:03:21,948: WARNING/ForkPoolWorker-7] ✅ Saved TILE
[2025-05-03 01:03:22,035: WARNING/ForkPoolWorker-7] ✅ Saved TIL
[2025-05-03 01:03:22,414: WARNING/ForkPoolWorker-7] ✅ Saved TIPT
[2025-05-03 01:03:23,218: WARNING/ForkPoolWorker-7] ✅ Saved TITN
[2025-05-03 01:03:23,594: WARNING/ForkPoolWorker-7] ✅ Saved TIRX
[2025-05-03 01:03:24,650: WARNING/ForkPoolWorker-7] ✅ Saved TIVC
[2025-05-03 01:03:25,135: WARNING/ForkPoolWorker-7] ✅ Saved TKNO
[2025-05-03 01:03:25,570: WARNING/ForkPoolWorker-7] ✅ Saved TKLF
[2025-05-03 01:03:26,103: WARNING/ForkPoolWorker-7] ✅ Saved TLF
[2025-05-03 01:03:26,237: WARNING/ForkPoolWorker-7] ✅ Saved TLN
[2025-05-03 01:03:27,639: WARNING/ForkPoolWorker-7] ✅ Saved TLRY
[2025-05-03 01:03:28,061: WARNING/ForkPoolWorker-7] ✅ Saved TLPH
[2025-05-03 01:03:28,261: WARNING/ForkPoolWorker-7] ✅ Saved TLS
[2025-05-03 01:03:28,383: WARNING/ForkPoolWorker-7] ✅ Saved TLSI
[2025-05-03 01:03:29,072: WARNING/ForkPoolWorker-7] ✅ Saved TLSA
[2025-05-03 01:03:29,956: WARNING/ForkPoolWorker-7] ✅ Saved TLX
[2025-05-03 01:03:30,316: WARNING/ForkPoolWorker-7] ✅ Saved TMC
[2025-05-03 01:03:30,768: WARNING/ForkPoolWorker-7] ✅ Saved TMDX
[2025-05-03 01:03:31,748: WARNING/ForkPoolWorker-7] ✅ Saved TMCI
[2025-05-03 01:03:32,326: WARNING/ForkPoolWorker-7] ✅ Saved TNDM
[2025-05-03 01:03:32,677: WARNING/ForkPoolWorker-7] ✅ Saved TMUS
[2025-05-03 01:03:33,075: WARNING/ForkPoolWorker-7] ✅ Saved TNFA
[2025-05-03 01:03:34,088: WARNING/ForkPoolWorker-7] ✅ Saved TNGX
[2025-05-03 01:03:34,743: WARNING/ForkPoolWorker-7] ✅ Saved TNON
[2025-05-03 01:03:35,032: WARNING/ForkPoolWorker-7] ✅ Saved TNMG
[2025-05-03 01:03:35,126: WARNING/ForkPoolWorker-7] ✅ Saved TNXP
[2025-05-03 01:03:35,351: WARNING/ForkPoolWorker-7] ✅ Saved TNYA
[2025-05-03 01:03:37,632: WARNING/ForkPoolWorker-7] ✅ Saved TOI
[2025-05-03 01:03:37,851: WARNING/ForkPoolWorker-7] ❌ Error processing TOP: database is locked
[2025-05-03 01:03:37,852: WARNING/ForkPoolWorker-7] ✅ Saved TOMZ
[2025-05-03 01:03:38,038: WARNING/ForkPoolWorker-7] ✅ Saved TORO
[2025-05-03 01:03:38,306: WARNING/ForkPoolWorker-7] ✅ Saved TOUR
[2025-05-03 01:03:40,056: WARNING/ForkPoolWorker-7] ✅ Saved TOWN
[2025-05-03 01:03:40,818: WARNING/ForkPoolWorker-7] ✅ Saved TPG
[2025-05-03 01:03:40,905: WARNING/ForkPoolWorker-7] ✅ Saved TPGXL
[2025-05-03 01:03:41,193: WARNING/ForkPoolWorker-7] ✅ Saved TPCS
[2025-05-03 01:03:41,210: WARNING/ForkPoolWorker-7] ✅ Saved TOYO
[2025-05-03 01:03:43,184: WARNING/ForkPoolWorker-7] ✅ Saved TPIC
[2025-05-03 01:03:43,358: WARNING/ForkPoolWorker-7] ✅ Saved TRAW
[2025-05-03 01:03:43,937: WARNING/ForkPoolWorker-7] ✅ Saved TPST
[2025-05-03 01:03:43,983: WARNING/ForkPoolWorker-7] ✅ Saved TRDA
[2025-05-03 01:03:44,321: WARNING/ForkPoolWorker-7] ✅ Saved TQQQ
[2025-05-03 01:03:46,075: WARNING/ForkPoolWorker-7] ✅ Saved TRIB
[2025-05-03 01:03:46,102: WARNING/ForkPoolWorker-7] ✅ Saved TRI
[2025-05-03 01:03:46,591: WARNING/ForkPoolWorker-7] ✅ Saved TREE
[2025-05-03 01:03:46,795: WARNING/ForkPoolWorker-7] ✅ Saved TRIN
[2025-05-03 01:03:48,282: WARNING/ForkPoolWorker-7] ✅ Saved TRINI
[2025-05-03 01:03:48,307: WARNING/ForkPoolWorker-7] ✅ Saved TRIP
[2025-05-03 01:03:49,374: WARNING/ForkPoolWorker-7] ✅ Saved TRMD
[2025-05-03 01:03:49,397: WARNING/ForkPoolWorker-7] ✅ Saved TRINZ
[2025-05-03 01:03:49,755: WARNING/ForkPoolWorker-7] ✅ Saved TRMB
[2025-05-03 01:03:51,225: WARNING/ForkPoolWorker-7] ✅ Saved TRMK
[2025-05-03 01:03:51,637: WARNING/ForkPoolWorker-7] ✅ Saved TRML
[2025-05-03 01:03:52,333: WARNING/ForkPoolWorker-7] ✅ Saved TROO
[2025-05-03 01:03:52,541: WARNING/ForkPoolWorker-7] ✅ Saved TRNS
[2025-05-03 01:03:52,666: WARNING/ForkPoolWorker-7] ✅ Saved TRNR
[2025-05-03 01:03:54,834: WARNING/ForkPoolWorker-7] ✅ Saved TROW
[2025-05-03 01:03:55,098: WARNING/ForkPoolWorker-7] ✅ Saved TRSG
[2025-05-03 01:03:55,214: WARNING/ForkPoolWorker-7] ✅ Saved TRS
[2025-05-03 01:03:55,542: WARNING/ForkPoolWorker-7] ✅ Saved TRST
[2025-05-03 01:03:55,775: WARNING/ForkPoolWorker-7] ✅ Saved TRUE
[2025-05-03 01:03:57,493: WARNING/ForkPoolWorker-7] ✅ Saved TRUG
[2025-05-03 01:03:57,942: WARNING/ForkPoolWorker-7] ✅ Saved TRVI
[2025-05-03 01:03:57,968: WARNING/ForkPoolWorker-7] ✅ Saved TRUP
[2025-05-03 01:03:58,060: WARNING/ForkPoolWorker-7] ✅ Saved TSAT
[2025-05-03 01:03:58,557: WARNING/ForkPoolWorker-7] ✅ Saved TRVG
[2025-05-03 01:03:59,949: WARNING/ForkPoolWorker-7] ✅ Saved TSBK
[2025-05-03 01:04:00,853: WARNING/ForkPoolWorker-7] ✅ Saved TSBX
[2025-05-03 01:04:01,037: WARNING/ForkPoolWorker-7] ✅ Saved TSCO
[2025-05-03 01:04:01,216: WARNING/ForkPoolWorker-7] ✅ Saved TSHA
[2025-05-03 01:04:01,311: WARNING/ForkPoolWorker-7] ✅ Saved TSEM
[2025-05-03 01:04:03,231: WARNING/ForkPoolWorker-7] ✅ Saved TSLA
[2025-05-03 01:04:04,385: WARNING/ForkPoolWorker-7] ✅ Saved TSLS
[2025-05-03 01:04:04,420: WARNING/ForkPoolWorker-7] ✅ Saved TSMZ
[2025-05-03 01:04:05,550: WARNING/ForkPoolWorker-7] ❌ Error processing TSLL: database is locked
[2025-05-03 01:04:05,552: WARNING/ForkPoolWorker-7] ✅ Saved TSMX
[2025-05-03 01:04:05,851: WARNING/ForkPoolWorker-7] ✅ Saved TSSI
[2025-05-03 01:04:06,904: WARNING/ForkPoolWorker-7] ✅ Saved TTAN
[2025-05-03 01:04:07,598: WARNING/ForkPoolWorker-7] ✅ Saved TSVT
[2025-05-03 01:04:08,324: WARNING/ForkPoolWorker-7] ✅ Saved TTD
[2025-05-03 01:04:09,120: WARNING/ForkPoolWorker-7] ✅ Saved TTEC
[2025-05-03 01:04:09,289: WARNING/ForkPoolWorker-7] ✅ Saved TTEK
[2025-05-03 01:04:10,006: WARNING/ForkPoolWorker-7] ✅ Saved TTGT
[2025-05-03 01:04:10,798: WARNING/ForkPoolWorker-7] ✅ Saved TTMI
[2025-05-03 01:04:11,340: WARNING/ForkPoolWorker-7] ✅ Saved TTNP
[2025-05-03 01:04:12,308: WARNING/ForkPoolWorker-7] ✅ Saved TTWO
[2025-05-03 01:04:12,728: WARNING/ForkPoolWorker-7] ✅ Saved TTSH
[2025-05-03 01:04:13,609: WARNING/ForkPoolWorker-7] ✅ Saved TURN
[2025-05-03 01:04:13,940: WARNING/ForkPoolWorker-7] ✅ Saved TURB
[2025-05-03 01:04:14,299: WARNING/ForkPoolWorker-7] ✅ Saved TUSK
[2025-05-03 01:04:15,324: WARNING/ForkPoolWorker-7] ✅ Saved TVGN
[2025-05-03 01:04:15,967: WARNING/ForkPoolWorker-7] ✅ Saved TVTX
[2025-05-03 01:04:16,739: WARNING/ForkPoolWorker-7] ✅ Saved TW
[2025-05-03 01:04:17,205: WARNING/ForkPoolWorker-7] ✅ Saved TWFG
[2025-05-03 01:04:17,404: WARNING/ForkPoolWorker-7] ✅ Saved TWG
[2025-05-03 01:04:18,676: WARNING/ForkPoolWorker-7] ✅ Saved TWIN
[2025-05-03 01:04:18,834: WARNING/ForkPoolWorker-7] ✅ Saved TWNP
[2025-05-03 01:04:19,481: WARNING/ForkPoolWorker-7] ✅ Saved TWST
[2025-05-03 01:04:19,976: WARNING/ForkPoolWorker-7] ✅ Saved TXG
[2025-05-03 01:04:20,073: WARNING/ForkPoolWorker-7] ✅ Saved TXMD
[2025-05-03 01:04:21,190: WARNING/ForkPoolWorker-7] ✅ Saved TXRH
[2025-05-03 01:04:21,683: WARNING/ForkPoolWorker-7] ✅ Saved TYGO
[2025-05-03 01:04:22,373: WARNING/ForkPoolWorker-7] ✅ Saved TXN
[2025-05-03 01:04:22,907: WARNING/ForkPoolWorker-7] ✅ Saved TYRA
[2025-05-03 01:04:23,547: WARNING/ForkPoolWorker-7] ✅ Saved TZOO
[2025-05-03 01:04:24,426: WARNING/ForkPoolWorker-7] ✅ Saved UAL
[2025-05-03 01:04:24,799: WARNING/ForkPoolWorker-7] ✅ Saved TZUP
[2025-05-03 01:04:25,817: WARNING/ForkPoolWorker-7] ✅ Saved UBCP
[2025-05-03 01:04:26,479: WARNING/ForkPoolWorker-7] ✅ Saved UBFO
[2025-05-03 01:04:26,509: WARNING/ForkPoolWorker-7] ✅ Saved UBX
[2025-05-03 01:04:26,769: WARNING/ForkPoolWorker-7] ✅ Saved UBSI
[2025-05-03 01:04:28,083: WARNING/ForkPoolWorker-7] ✅ Saved UBXG
[2025-05-03 01:04:28,827: WARNING/ForkPoolWorker-7] ✅ Saved UCAR
[2025-05-03 01:04:29,382: WARNING/ForkPoolWorker-7] ✅ Saved UCYB
[2025-05-03 01:04:29,587: WARNING/ForkPoolWorker-7] ✅ Saved UCL
[2025-05-03 01:04:29,847: WARNING/ForkPoolWorker-7] ✅ Saved UCTT
[2025-05-03 01:04:31,081: WARNING/ForkPoolWorker-7] ✅ Saved UDMY
[2025-05-03 01:04:31,556: WARNING/ForkPoolWorker-7] ✅ Saved UEIC
[2025-05-03 01:04:32,019: WARNING/ForkPoolWorker-7] ✅ Saved UFCS
[2025-05-03 01:04:32,085: WARNING/ForkPoolWorker-7] ✅ Saved UFG
[2025-05-03 01:04:32,845: WARNING/ForkPoolWorker-7] ✅ Saved UFPI
[2025-05-03 01:04:33,451: WARNING/ForkPoolWorker-7] ✅ Saved UFPT
[2025-05-03 01:04:35,159: WARNING/ForkPoolWorker-7] ✅ Saved UK
[2025-05-03 01:04:35,183: WARNING/ForkPoolWorker-7] ✅ Saved UG
[2025-05-03 01:04:35,324: WARNING/ForkPoolWorker-7] ✅ Saved UGRO
[2025-05-03 01:04:35,490: WARNING/ForkPoolWorker-7] ✅ Saved UHG
[2025-05-03 01:04:36,181: WARNING/ForkPoolWorker-7] ✅ Saved ULBI
[2025-05-03 01:04:37,842: WARNING/ForkPoolWorker-7] ✅ Saved ULY
[2025-05-03 01:04:38,575: WARNING/ForkPoolWorker-7] ✅ Saved ULTA
[2025-05-03 01:04:38,744: WARNING/ForkPoolWorker-7] ❌ Error processing ULH: database is locked
[2025-05-03 01:04:38,745: WARNING/ForkPoolWorker-7] ✅ Saved ULCC
[2025-05-03 01:04:39,420: WARNING/ForkPoolWorker-7] ✅ Saved UMBF
[2025-05-03 01:04:40,637: WARNING/ForkPoolWorker-7] ✅ Saved UNB
[2025-05-03 01:04:41,612: WARNING/ForkPoolWorker-7] ✅ Saved UNIY
[2025-05-03 01:04:41,654: WARNING/ForkPoolWorker-7] ✅ Saved UNCY
[2025-05-03 01:04:41,756: WARNING/ForkPoolWorker-7] ✅ Saved UNIT
[2025-05-03 01:04:42,374: WARNING/ForkPoolWorker-7] ✅ Saved UNTY
[2025-05-03 01:04:43,846: WARNING/ForkPoolWorker-7] ✅ Saved UPB
[2025-05-03 01:04:44,008: WARNING/ForkPoolWorker-7] ✅ Saved UOKA
[2025-05-03 01:04:44,405: WARNING/ForkPoolWorker-7] ✅ Saved UONEK
[2025-05-03 01:04:44,536: WARNING/ForkPoolWorker-7] ✅ Saved UONE
[2025-05-03 01:04:45,206: WARNING/ForkPoolWorker-7] ✅ Saved UPBD
[2025-05-03 01:04:46,324: WARNING/ForkPoolWorker-7] ✅ Saved UPC
[2025-05-03 01:04:46,644: WARNING/ForkPoolWorker-7] ✅ Saved UPLD
[2025-05-03 01:04:46,726: WARNING/ForkPoolWorker-7] ✅ Saved UPWK
[2025-05-03 01:04:46,806: WARNING/ForkPoolWorker-7] ✅ Saved UPST
[2025-05-03 01:04:47,521: WARNING/ForkPoolWorker-7] ✅ Saved UPXI
[2025-05-03 01:04:48,959: WARNING/ForkPoolWorker-7] ✅ Saved URBN
[2025-05-03 01:04:49,458: WARNING/ForkPoolWorker-7] ✅ Saved UROY
[2025-05-03 01:04:49,790: WARNING/ForkPoolWorker-7] ✅ Saved URGN
[2025-05-03 01:04:49,871: WARNING/ForkPoolWorker-7] ✅ Saved USAR
[2025-05-03 01:04:50,016: WARNING/ForkPoolWorker-7] ✅ Saved USAF
[2025-05-03 01:04:52,117: WARNING/ForkPoolWorker-7] ✅ Saved USEA
[2025-05-03 01:04:52,206: WARNING/ForkPoolWorker-7] ✅ Saved USAU
[2025-05-03 01:04:52,333: WARNING/ForkPoolWorker-7] ✅ Saved USGO
[2025-05-03 01:04:53,101: WARNING/ForkPoolWorker-7] ✅ Saved USCB
[2025-05-03 01:04:53,396: WARNING/ForkPoolWorker-7] ✅ Saved USEG
[2025-05-03 01:04:55,564: WARNING/ForkPoolWorker-7] ✅ Saved USIO
[2025-05-03 01:04:55,814: WARNING/ForkPoolWorker-7] ✅ Saved USLM
[2025-05-03 01:04:55,828: WARNING/ForkPoolWorker-7] ✅ Saved USIN
[2025-05-03 01:04:56,731: WARNING/ForkPoolWorker-7] ✅ Saved USSH
[2025-05-03 01:04:57,036: WARNING/ForkPoolWorker-7] ✅ Saved USOI
[2025-05-03 01:04:58,020: WARNING/ForkPoolWorker-7] ✅ Saved UTHR
[2025-05-03 01:04:58,155: WARNING/ForkPoolWorker-7] ✅ Saved UTSI
[2025-05-03 01:04:59,139: WARNING/ForkPoolWorker-7] ✅ Saved UXIN
[2025-05-03 01:04:59,426: WARNING/ForkPoolWorker-7] ✅ Saved UTMD
[2025-05-03 01:04:59,748: WARNING/ForkPoolWorker-7] ✅ Saved UVSP
[2025-05-03 01:05:00,298: WARNING/ForkPoolWorker-7] ✅ Saved UYSCU
[2025-05-03 01:05:01,076: WARNING/ForkPoolWorker-7] ✅ Saved VABK
[2025-05-03 01:05:02,282: WARNING/ForkPoolWorker-7] ✅ Saved VALN
[2025-05-03 01:05:02,384: WARNING/ForkPoolWorker-7] ✅ Saved VACH
[2025-05-03 01:05:02,760: WARNING/ForkPoolWorker-7] ✅ Saved VACHU
[2025-05-03 01:05:03,577: WARNING/ForkPoolWorker-7] ✅ Saved VALU
[2025-05-03 01:05:04,568: WARNING/ForkPoolWorker-7] ✅ Saved VANI
[2025-05-03 01:05:05,335: WARNING/ForkPoolWorker-7] ✅ Saved VBNK
[2025-05-03 01:05:05,359: ERROR/ForkPoolWorker-7] $VBFC: possibly delisted; no price data found  (period=5d)
[2025-05-03 01:05:05,369: WARNING/ForkPoolWorker-7] ✅ Saved VBFC
[2025-05-03 01:05:05,882: WARNING/ForkPoolWorker-7] ✅ Saved VBTX
[2025-05-03 01:05:06,006: WARNING/ForkPoolWorker-7] ✅ Saved VC
[2025-05-03 01:05:07,357: WARNING/ForkPoolWorker-7] ✅ Saved VCEL
[2025-05-03 01:05:07,931: WARNING/ForkPoolWorker-7] ✅ Saved VCICU
[2025-05-03 01:05:08,175: WARNING/ForkPoolWorker-7] ✅ Saved VCSA
[2025-05-03 01:05:08,787: WARNING/ForkPoolWorker-7] ✅ Saved VCIC
[2025-05-03 01:05:09,444: WARNING/ForkPoolWorker-7] ✅ Saved VCIG
[2025-05-03 01:05:10,182: WARNING/ForkPoolWorker-7] ✅ Saved VCTR
[2025-05-03 01:05:10,605: WARNING/ForkPoolWorker-7] ✅ Saved VCYT
[2025-05-03 01:05:11,575: WARNING/ForkPoolWorker-7] ✅ Saved VECO
[2025-05-03 01:05:11,633: WARNING/ForkPoolWorker-7] ✅ Saved VEEA
[2025-05-03 01:05:12,054: WARNING/ForkPoolWorker-7] ✅ Saved VEEE
[2025-05-03 01:05:12,856: WARNING/ForkPoolWorker-7] ✅ Saved VEON
[2025-05-03 01:05:13,274: WARNING/ForkPoolWorker-7] ✅ Saved VERA
[2025-05-03 01:05:14,613: WARNING/ForkPoolWorker-7] ✅ Saved VERI
[2025-05-03 01:05:14,871: WARNING/ForkPoolWorker-7] ✅ Saved VERB
[2025-05-03 01:05:15,475: WARNING/ForkPoolWorker-7] ✅ Saved VERO
[2025-05-03 01:05:15,690: WARNING/ForkPoolWorker-7] ✅ Saved VERU
[2025-05-03 01:05:16,066: WARNING/ForkPoolWorker-7] ✅ Saved VERV
[2025-05-03 01:05:17,061: WARNING/ForkPoolWorker-7] ✅ Saved VFF
[2025-05-03 01:05:17,827: WARNING/ForkPoolWorker-7] ✅ Saved VERX
[2025-05-03 01:05:18,591: WARNING/ForkPoolWorker-7] ✅ Saved VIASP
[2025-05-03 01:05:18,786: WARNING/ForkPoolWorker-7] ✅ Saved VFS
[2025-05-03 01:05:19,339: WARNING/ForkPoolWorker-7] ✅ Saved VGAS
[2025-05-03 01:05:19,618: WARNING/ForkPoolWorker-7] ✅ Saved VIAV
[2025-05-03 01:05:20,757: WARNING/ForkPoolWorker-7] ✅ Saved VICR
[2025-05-03 01:05:20,860: WARNING/ForkPoolWorker-7] ✅ Saved VIGL
[2025-05-03 01:05:21,381: WARNING/ForkPoolWorker-7] ✅ Saved VINC
[2025-05-03 01:05:22,303: WARNING/ForkPoolWorker-7] ✅ Saved VIOT
[2025-05-03 01:05:22,825: WARNING/ForkPoolWorker-7] ✅ Saved VINP
[2025-05-03 01:05:23,657: WARNING/ForkPoolWorker-7] ❌ Error processing VIRC: database is locked
[2025-05-03 01:05:23,659: WARNING/ForkPoolWorker-7] ✅ Saved VIR
[2025-05-03 01:05:24,219: WARNING/ForkPoolWorker-7] ✅ Saved VIRT
[2025-05-03 01:05:24,823: WARNING/ForkPoolWorker-7] ✅ Saved VITL
[2025-05-03 01:05:25,430: WARNING/ForkPoolWorker-7] ✅ Saved VIVK
[2025-05-03 01:05:27,047: WARNING/ForkPoolWorker-7] ✅ Saved VKTX
[2025-05-03 01:05:27,096: WARNING/ForkPoolWorker-7] ✅ Saved VLCN
[2025-05-03 01:05:27,205: WARNING/ForkPoolWorker-7] ✅ Saved VLGEA
[2025-05-03 01:05:27,617: WARNING/ForkPoolWorker-7] ✅ Saved VLY
[2025-05-03 01:05:28,638: WARNING/ForkPoolWorker-7] ✅ Saved VLYPN
[2025-05-03 01:05:29,949: WARNING/ForkPoolWorker-7] ✅ Saved VLYPO
[2025-05-03 01:05:30,112: WARNING/ForkPoolWorker-7] ✅ Saved VMAR
[2025-05-03 01:05:30,466: WARNING/ForkPoolWorker-7] ✅ Saved VMD
[2025-05-03 01:05:31,042: WARNING/ForkPoolWorker-7] ✅ Saved VLYPP
[2025-05-03 01:05:31,122: WARNING/ForkPoolWorker-7] ✅ Saved VMEO
[2025-05-03 01:05:32,505: WARNING/ForkPoolWorker-7] ✅ Saved VNDA
[2025-05-03 01:05:33,716: WARNING/ForkPoolWorker-7] ✅ Saved VNET
[2025-05-03 01:05:33,771: WARNING/ForkPoolWorker-7] ✅ Saved VOR
[2025-05-03 01:05:33,955: WARNING/ForkPoolWorker-7] ✅ Saved VNOM
[2025-05-03 01:05:34,322: WARNING/ForkPoolWorker-7] ✅ Saved VOD
[2025-05-03 01:05:36,073: WARNING/ForkPoolWorker-7] ✅ Saved VOXR
[2025-05-03 01:05:37,029: WARNING/ForkPoolWorker-7] ❌ Error processing VRA: database is locked
[2025-05-03 01:05:37,036: WARNING/ForkPoolWorker-7] ✅ Saved VRAR
[2025-05-03 01:05:37,175: ERROR/ForkPoolWorker-7] $VOXX: possibly delisted; no price data found  (period=5d)
[2025-05-03 01:05:37,188: WARNING/ForkPoolWorker-7] ✅ Saved VOXX
[2025-05-03 01:05:37,447: WARNING/ForkPoolWorker-7] ✅ Saved VRAX
[2025-05-03 01:05:39,326: WARNING/ForkPoolWorker-7] ✅ Saved VRCA
[2025-05-03 01:05:39,744: WARNING/ForkPoolWorker-7] ✅ Saved VREX
[2025-05-03 01:05:39,788: WARNING/ForkPoolWorker-7] ✅ Saved VRDN
[2025-05-03 01:05:40,127: WARNING/ForkPoolWorker-7] ✅ Saved VRM
[2025-05-03 01:05:40,967: WARNING/ForkPoolWorker-7] ✅ Saved VRME
[2025-05-03 01:05:42,580: WARNING/ForkPoolWorker-7] ❌ Error processing VRPX: database is locked
[2025-05-03 01:05:42,581: WARNING/ForkPoolWorker-7] ✅ Saved VRNA
[2025-05-03 01:05:42,665: WARNING/ForkPoolWorker-7] ✅ Saved VRNS
[2025-05-03 01:05:42,940: WARNING/ForkPoolWorker-7] ✅ Saved VRNT
[2025-05-03 01:05:44,216: WARNING/ForkPoolWorker-7] ✅ Saved VRRM
[2025-05-03 01:05:44,831: WARNING/ForkPoolWorker-7] ❌ Error processing VRSK: database is locked
[2025-05-03 01:05:44,832: WARNING/ForkPoolWorker-7] ✅ Saved VRSN
[2025-05-03 01:05:45,754: WARNING/ForkPoolWorker-7] ✅ Saved VRTX
[2025-05-03 01:05:45,894: WARNING/ForkPoolWorker-7] ✅ Saved VS
[2025-05-03 01:05:46,946: WARNING/ForkPoolWorker-7] ✅ Saved VSAT
[2025-05-03 01:05:47,124: WARNING/ForkPoolWorker-7] ✅ Saved VSEC
[2025-05-03 01:05:48,303: WARNING/ForkPoolWorker-7] ✅ Saved VSME
[2025-05-03 01:05:48,375: WARNING/ForkPoolWorker-7] ✅ Saved VSEE
[2025-05-03 01:05:48,704: WARNING/ForkPoolWorker-7] ✅ Saved VSSYW
[2025-05-03 01:05:49,389: WARNING/ForkPoolWorker-7] ✅ Saved VSTE
[2025-05-03 01:05:49,904: WARNING/ForkPoolWorker-7] ✅ Saved VSTA
[2025-05-03 01:05:51,161: WARNING/ForkPoolWorker-7] ✅ Saved VTGN
[2025-05-03 01:05:51,545: WARNING/ForkPoolWorker-7] ✅ Saved VSTM
[2025-05-03 01:05:52,127: WARNING/ForkPoolWorker-7] ✅ Saved VTRS
[2025-05-03 01:05:52,326: WARNING/ForkPoolWorker-7] ✅ Saved VTSI
[2025-05-03 01:05:52,577: WARNING/ForkPoolWorker-7] ✅ Saved VTVT
[2025-05-03 01:05:54,597: WARNING/ForkPoolWorker-7] ✅ Saved VTYX
[2025-05-03 01:05:54,955: WARNING/ForkPoolWorker-7] ✅ Saved VUZI
[2025-05-03 01:05:55,580: WARNING/ForkPoolWorker-7] ✅ Saved VVOS
[2025-05-03 01:05:55,766: WARNING/ForkPoolWorker-7] ✅ Saved VVPR
[2025-05-03 01:05:55,938: WARNING/ForkPoolWorker-7] ✅ Saved VXRT
[2025-05-03 01:05:57,705: WARNING/ForkPoolWorker-7] ✅ Saved VYGR
[2025-05-03 01:05:58,341: WARNING/ForkPoolWorker-7] ✅ Saved WAFU
[2025-05-03 01:05:58,442: WARNING/ForkPoolWorker-7] ✅ Saved WAFD
[2025-05-03 01:05:58,487: WARNING/ForkPoolWorker-7] ✅ Saved VYNE
[2025-05-03 01:05:58,574: WARNING/ForkPoolWorker-7] ✅ Saved WABC
[2025-05-03 01:06:00,785: WARNING/ForkPoolWorker-7] ✅ Saved WATT
[2025-05-03 01:06:00,880: WARNING/ForkPoolWorker-7] ✅ Saved WAVE
[2025-05-03 01:06:01,189: WARNING/ForkPoolWorker-7] ✅ Saved WAI
[2025-05-03 01:06:01,398: WARNING/ForkPoolWorker-7] ❌ Error processing WALD: database is locked
[2025-05-03 01:06:01,399: WARNING/ForkPoolWorker-7] ✅ Saved WASH
[2025-05-03 01:06:03,545: WARNING/ForkPoolWorker-7] ✅ Saved WBD
[2025-05-03 01:06:03,690: WARNING/ForkPoolWorker-7] ✅ Saved WBTN
[2025-05-03 01:06:04,221: WARNING/ForkPoolWorker-7] ✅ Saved WAY
[2025-05-03 01:06:04,241: WARNING/ForkPoolWorker-7] ✅ Saved WB
[2025-05-03 01:06:04,506: WARNING/ForkPoolWorker-7] ✅ Saved WBA
[2025-05-03 01:06:06,453: WARNING/ForkPoolWorker-7] ✅ Saved WCLD
[2025-05-03 01:06:06,555: WARNING/ForkPoolWorker-7] ✅ Saved WCT
[2025-05-03 01:06:06,952: WARNING/ForkPoolWorker-7] ✅ Saved WDC
[2025-05-03 01:06:07,066: WARNING/ForkPoolWorker-7] ✅ Saved WDAY
[2025-05-03 01:06:07,499: WARNING/ForkPoolWorker-7] ✅ Saved WCBR
[2025-05-03 01:06:09,053: WARNING/ForkPoolWorker-7] ✅ Saved WEN
[2025-05-03 01:06:09,403: WARNING/ForkPoolWorker-7] ✅ Saved WDFC
[2025-05-03 01:06:09,642: WARNING/ForkPoolWorker-7] ✅ Saved WEST
[2025-05-03 01:06:10,103: WARNING/ForkPoolWorker-7] ✅ Saved WETH
[2025-05-03 01:06:10,569: WARNING/ForkPoolWorker-7] ✅ Saved WERN
[2025-05-03 01:06:11,376: WARNING/ForkPoolWorker-7] ✅ Saved WETO
[2025-05-03 01:06:12,338: WARNING/ForkPoolWorker-7] ✅ Saved WEYS
[2025-05-03 01:06:12,860: WARNING/ForkPoolWorker-7] ✅ Saved WFF
[2025-05-03 01:06:13,086: WARNING/ForkPoolWorker-7] ✅ Saved WFCF
[2025-05-03 01:06:13,805: WARNING/ForkPoolWorker-7] ✅ Saved WFRD
[2025-05-03 01:06:13,864: WARNING/ForkPoolWorker-7] ✅ Saved WGRX
[2025-05-03 01:06:15,193: WARNING/ForkPoolWorker-7] ✅ Saved WGS
[2025-05-03 01:06:15,407: WARNING/ForkPoolWorker-7] ✅ Saved WHF
[2025-05-03 01:06:16,685: WARNING/ForkPoolWorker-7] ✅ Saved WHLR
[2025-05-03 01:06:16,778: WARNING/ForkPoolWorker-7] ✅ Saved WHFCL
[2025-05-03 01:06:17,677: WARNING/ForkPoolWorker-7] ✅ Saved WHLRD
[2025-05-03 01:06:18,514: WARNING/ForkPoolWorker-7] ✅ Saved WHLRL
[2025-05-03 01:06:18,865: WARNING/ForkPoolWorker-7] ✅ Saved WHLRP
[2025-05-03 01:06:19,134: WARNING/ForkPoolWorker-7] ✅ Saved WHWK
[2025-05-03 01:06:19,845: WARNING/ForkPoolWorker-7] ✅ Saved WIMI
[2025-05-03 01:06:20,105: WARNING/ForkPoolWorker-7] ✅ Saved WILC
[2025-05-03 01:06:20,935: WARNING/ForkPoolWorker-7] ✅ Saved WINA
[2025-05-03 01:06:21,703: WARNING/ForkPoolWorker-7] ✅ Saved WING
[2025-05-03 01:06:21,810: WARNING/ForkPoolWorker-7] ✅ Saved WINT
[2025-05-03 01:06:23,038: WARNING/ForkPoolWorker-7] ✅ Saved WIX
[2025-05-03 01:06:23,585: WARNING/ForkPoolWorker-7] ✅ Saved WKEY
[2025-05-03 01:06:23,987: WARNING/ForkPoolWorker-7] ✅ Saved WKSP
[2025-05-03 01:06:24,039: WARNING/ForkPoolWorker-7] ✅ Saved WLAC
[2025-05-03 01:06:24,328: WARNING/ForkPoolWorker-7] ✅ Saved WKHS
[2025-05-03 01:06:25,538: WARNING/ForkPoolWorker-7] ✅ Saved WLACU
[2025-05-03 01:06:27,097: WARNING/ForkPoolWorker-7] ✅ Saved WLDN
[2025-05-03 01:06:27,164: WARNING/ForkPoolWorker-7] ✅ Saved WLDS
[2025-05-03 01:06:27,472: WARNING/ForkPoolWorker-7] ✅ Saved WLFC
[2025-05-03 01:06:28,465: WARNING/ForkPoolWorker-7] ✅ Saved WLGS
[2025-05-03 01:06:28,950: WARNING/ForkPoolWorker-7] ✅ Saved WMG
[2025-05-03 01:06:29,750: WARNING/ForkPoolWorker-7] ✅ Saved WNEB
[2025-05-03 01:06:29,985: WARNING/ForkPoolWorker-7] ✅ Saved WNW
[2025-05-03 01:06:30,010: WARNING/ForkPoolWorker-7] ✅ Saved WMPN
[2025-05-03 01:06:31,413: WARNING/ForkPoolWorker-7] ✅ Saved WOK
[2025-05-03 01:06:32,408: WARNING/ForkPoolWorker-7] ❌ Error processing WOOF: database is locked
[2025-05-03 01:06:32,410: WARNING/ForkPoolWorker-7] ✅ Saved WPRT
[2025-05-03 01:06:32,846: WARNING/ForkPoolWorker-7] ✅ Saved WORX
[2025-05-03 01:06:33,033: WARNING/ForkPoolWorker-7] ✅ Saved WRAP
[2025-05-03 01:06:33,834: WARNING/ForkPoolWorker-7] ✅ Saved WRD
[2025-05-03 01:06:35,267: WARNING/ForkPoolWorker-7] ✅ Saved WSC
[2025-05-03 01:06:35,383: WARNING/ForkPoolWorker-7] ✅ Saved WSBF
[2025-05-03 01:06:35,745: WARNING/ForkPoolWorker-7] ✅ Saved WRLD
[2025-05-03 01:06:36,051: WARNING/ForkPoolWorker-7] ✅ Saved WSBC
[2025-05-03 01:06:36,098: WARNING/ForkPoolWorker-7] ✅ Saved WSFS
[2025-05-03 01:06:38,220: WARNING/ForkPoolWorker-7] ✅ Saved WTO
[2025-05-03 01:06:38,306: WARNING/ForkPoolWorker-7] ✅ Saved WTBN
[2025-05-03 01:06:38,363: WARNING/ForkPoolWorker-7] ✅ Saved WTBA
[2025-05-03 01:06:38,863: WARNING/ForkPoolWorker-7] ✅ Saved WTFCM
[2025-05-03 01:06:39,334: WARNING/ForkPoolWorker-7] ✅ Saved WTFC
[2025-05-03 01:06:40,573: WARNING/ForkPoolWorker-7] ✅ Saved WTW
[2025-05-03 01:06:41,300: WARNING/ForkPoolWorker-7] ✅ Saved WVVI
[2025-05-03 01:06:41,672: WARNING/ForkPoolWorker-7] ✅ Saved WVE
[2025-05-03 01:06:41,848: WARNING/ForkPoolWorker-7] ✅ Saved WULF
[2025-05-03 01:06:41,873: WARNING/ForkPoolWorker-7] ✅ Saved WVVIP
[2025-05-03 01:06:43,882: WARNING/ForkPoolWorker-7] ✅ Saved WYHG
[2025-05-03 01:06:43,897: WARNING/ForkPoolWorker-7] ✅ Saved WW
[2025-05-03 01:06:44,117: WARNING/ForkPoolWorker-7] ✅ Saved WWD
[2025-05-03 01:06:45,268: WARNING/ForkPoolWorker-7] ✅ Saved WYNN
[2025-05-03 01:06:45,400: WARNING/ForkPoolWorker-7] ✅ Saved XAGE
[2025-05-03 01:06:46,781: WARNING/ForkPoolWorker-7] ✅ Saved XBIO
[2025-05-03 01:06:47,005: WARNING/ForkPoolWorker-7] ✅ Saved XAIR
[2025-05-03 01:06:47,591: WARNING/ForkPoolWorker-7] ✅ Saved XBIT
[2025-05-03 01:06:47,834: WARNING/ForkPoolWorker-7] ✅ Saved XBP
[2025-05-03 01:06:48,636: WARNING/ForkPoolWorker-7] ✅ Saved XCH
[2025-05-03 01:06:49,336: WARNING/ForkPoolWorker-7] ✅ Saved XEL
[2025-05-03 01:06:49,740: WARNING/ForkPoolWorker-7] ✅ Saved XCUR
[2025-05-03 01:06:50,906: WARNING/ForkPoolWorker-7] ✅ Saved XELB
[2025-05-03 01:06:50,993: WARNING/ForkPoolWorker-7] ✅ Saved XENE
[2025-05-03 01:06:51,680: WARNING/ForkPoolWorker-7] ✅ Saved XFOR
[2025-05-03 01:06:51,780: WARNING/ForkPoolWorker-7] ✅ Saved XERS
[2025-05-03 01:06:53,012: WARNING/ForkPoolWorker-7] ✅ Saved XGN
[2025-05-03 01:06:53,593: WARNING/ForkPoolWorker-7] ✅ Saved XHG
[2025-05-03 01:06:54,529: WARNING/ForkPoolWorker-7] ✅ Saved XHLD
[2025-05-03 01:06:54,675: WARNING/ForkPoolWorker-7] ✅ Saved XLO
[2025-05-03 01:06:55,317: WARNING/ForkPoolWorker-7] ✅ Saved XMTR
[2025-05-03 01:06:55,700: WARNING/ForkPoolWorker-7] ✅ Saved XNCR
[2025-05-03 01:06:55,974: WARNING/ForkPoolWorker-7] ✅ Saved XNET
[2025-05-03 01:06:57,893: WARNING/ForkPoolWorker-7] ✅ Saved XOMA
[2025-05-03 01:06:58,029: WARNING/ForkPoolWorker-7] ✅ Saved XOS
[2025-05-03 01:06:58,213: WARNING/ForkPoolWorker-7] ✅ Saved XOMAP
[2025-05-03 01:06:58,348: WARNING/ForkPoolWorker-7] ✅ Saved XPEL
[2025-05-03 01:06:59,275: WARNING/ForkPoolWorker-7] ✅ Saved XP
[2025-05-03 01:07:00,362: WARNING/ForkPoolWorker-7] ✅ Saved XPON
[2025-05-03 01:07:00,496: WARNING/ForkPoolWorker-7] ✅ Saved XRAY
[2025-05-03 01:07:01,520: WARNING/ForkPoolWorker-7] ✅ Saved XTIA
[2025-05-03 01:07:01,643: WARNING/ForkPoolWorker-7] ✅ Saved XRX
[2025-05-03 01:07:01,668: WARNING/ForkPoolWorker-7] ✅ Saved XRTX
[2025-05-03 01:07:02,658: WARNING/ForkPoolWorker-7] ✅ Saved XTLB
[2025-05-03 01:07:03,565: WARNING/ForkPoolWorker-7] ✅ Saved XTKG
[2025-05-03 01:07:04,733: WARNING/ForkPoolWorker-7] ✅ Saved XXII
[2025-05-03 01:07:04,832: WARNING/ForkPoolWorker-7] ✅ Saved YAAS
[2025-05-03 01:07:04,995: WARNING/ForkPoolWorker-7] ✅ Saved XYLO
[2025-05-03 01:07:05,148: WARNING/ForkPoolWorker-7] ✅ Saved XWEL
[2025-05-03 01:07:06,741: WARNING/ForkPoolWorker-7] ✅ Saved YGMZ
[2025-05-03 01:07:06,908: WARNING/ForkPoolWorker-7] ✅ Saved YHC
[2025-05-03 01:07:07,129: WARNING/ForkPoolWorker-7] ✅ Saved YHGJ
[2025-05-03 01:07:07,354: WARNING/ForkPoolWorker-7] ✅ Saved YHNA
[2025-05-03 01:07:07,589: WARNING/ForkPoolWorker-7] ✅ Saved YHNAR
[2025-05-03 01:07:09,523: ERROR/ForkPoolWorker-7] $YHNAU: possibly delisted; no price data found  (period=5d)
[2025-05-03 01:07:09,531: WARNING/ForkPoolWorker-7] ✅ Saved YHNAU
[2025-05-03 01:07:10,099: WARNING/ForkPoolWorker-7] ✅ Saved YI
[2025-05-03 01:07:10,430: WARNING/ForkPoolWorker-7] ✅ Saved YIBO
[2025-05-03 01:07:10,851: WARNING/ForkPoolWorker-7] ✅ Saved YJ
[2025-05-03 01:07:11,234: WARNING/ForkPoolWorker-7] ✅ Saved YMAB
[2025-05-03 01:07:12,514: WARNING/ForkPoolWorker-7] ✅ Saved YORW
[2025-05-03 01:07:13,764: WARNING/ForkPoolWorker-7] ✅ Saved YOSH
[2025-05-03 01:07:13,801: ERROR/ForkPoolWorker-7] $YOTA: possibly delisted; no price data found  (period=5d)
[2025-05-03 01:07:13,813: WARNING/ForkPoolWorker-7] ✅ Saved YOTA
[2025-05-03 01:07:13,864: WARNING/ForkPoolWorker-7] ✅ Saved YOTAR
[2025-05-03 01:07:15,458: WARNING/ForkPoolWorker-7] ✅ Saved YOTAU
[2025-05-03 01:07:15,922: WARNING/ForkPoolWorker-7] ✅ Saved YTRA
[2025-05-03 01:07:15,949: WARNING/ForkPoolWorker-7] ✅ Saved YQ
[2025-05-03 01:07:16,392: WARNING/ForkPoolWorker-7] ✅ Saved YXT
[2025-05-03 01:07:17,139: WARNING/ForkPoolWorker-7] ✅ Saved YSXT
[2025-05-03 01:07:18,195: WARNING/ForkPoolWorker-7] ✅ Saved Z
[2025-05-03 01:07:18,520: WARNING/ForkPoolWorker-7] ✅ Saved YYGH
[2025-05-03 01:07:18,626: WARNING/ForkPoolWorker-7] ✅ Saved YYAI
[2025-05-03 01:07:19,850: WARNING/ForkPoolWorker-7] ✅ Saved ZAPP
[2025-05-03 01:07:20,597: WARNING/ForkPoolWorker-7] ✅ Saved ZBAI
[2025-05-03 01:07:20,798: WARNING/ForkPoolWorker-7] ✅ Saved ZAZZT
[2025-05-03 01:07:20,947: WARNING/ForkPoolWorker-7] ✅ Saved ZBAO
[2025-05-03 01:07:21,244: WARNING/ForkPoolWorker-7] ✅ Saved ZBIO
[2025-05-03 01:07:22,415: WARNING/ForkPoolWorker-7] ✅ Saved ZBRA
[2025-05-03 01:07:28,091: ERROR/ForkPoolWorker-7] 404 Client Error: Not Found for url: https://query2.finance.yahoo.com/v10/finance/quoteSummary/ZBZZT?modules=financialData%2CquoteType%2CdefaultKeyStatistics%2CassetProfile%2CsummaryDetail&corsDomain=finance.yahoo.com&formatted=false&symbol=ZBZZT&crumb=tC2YYTxLrmO
[2025-05-03 01:07:28,109: ERROR/ForkPoolWorker-7] 404 Client Error: Not Found for url: https://query2.finance.yahoo.com/v10/finance/quoteSummary/ZCZZT?modules=financialData%2CquoteType%2CdefaultKeyStatistics%2CassetProfile%2CsummaryDetail&corsDomain=finance.yahoo.com&formatted=false&symbol=ZCZZT&crumb=tC2YYTxLrmO
[2025-05-03 01:07:28,524: WARNING/ForkPoolWorker-7] ❌ Error processing ZCMD: database is locked
[2025-05-03 01:07:28,525: WARNING/ForkPoolWorker-7] ✅ Saved ZCAR
[2025-05-03 01:07:28,892: WARNING/ForkPoolWorker-7] ✅ Saved ZD
[2025-05-03 01:07:31,548: ERROR/ForkPoolWorker-7] $ZCZZT: possibly delisted; no price data found  (period=3mo) (Yahoo error = "No data found, symbol may be delisted")
[2025-05-03 01:07:31,562: ERROR/ForkPoolWorker-7] $ZBZZT: possibly delisted; no price data found  (period=3mo) (Yahoo error = "No data found, symbol may be delisted")
[2025-05-03 01:07:32,779: WARNING/ForkPoolWorker-7] ❌ Error processing ZENA: database is locked
[2025-05-03 01:07:32,779: WARNING/ForkPoolWorker-7] ❌ Error processing ZENV: database is locked
[2025-05-03 01:07:32,781: WARNING/ForkPoolWorker-7] ✅ Saved ZEO
[2025-05-03 01:07:34,344: WARNING/ForkPoolWorker-7] ✅ Saved ZG
[2025-05-03 01:07:34,926: WARNING/ForkPoolWorker-7] ✅ Saved ZEUS
[2025-05-03 01:07:36,098: WARNING/ForkPoolWorker-7] ✅ Saved ZIMV
[2025-05-03 01:07:36,114: WARNING/ForkPoolWorker-7] ✅ Saved ZI
[2025-05-03 01:07:36,152: WARNING/ForkPoolWorker-7] ✅ Saved ZION
[2025-05-03 01:07:37,659: WARNING/ForkPoolWorker-7] ✅ Saved ZJK
[2025-05-03 01:07:38,223: WARNING/ForkPoolWorker-7] ✅ Saved ZJYL
[2025-05-03 01:07:38,252: WARNING/ForkPoolWorker-7] ✅ Saved ZKIN
[2025-05-03 01:07:38,790: WARNING/ForkPoolWorker-7] ✅ Saved ZJZZT
[2025-05-03 01:07:39,191: WARNING/ForkPoolWorker-7] ✅ Saved ZLAB
[2025-05-03 01:07:39,951: WARNING/ForkPoolWorker-7] ✅ Saved ZM
[2025-05-03 01:07:40,753: WARNING/ForkPoolWorker-7] ✅ Saved ZNTL
[2025-05-03 01:07:41,074: WARNING/ForkPoolWorker-7] ✅ Saved ZOOZ
[2025-05-03 01:07:41,370: WARNING/ForkPoolWorker-7] ✅ Saved ZS
[2025-05-03 01:07:41,563: WARNING/ForkPoolWorker-7] ✅ Saved ZSPC
[2025-05-03 01:07:43,069: WARNING/ForkPoolWorker-7] ✅ Saved ZUMZ
[2025-05-03 01:07:43,134: WARNING/ForkPoolWorker-7] ✅ Saved ZTEK
[2025-05-03 01:07:43,260: WARNING/ForkPoolWorker-7] ✅ Saved ZURA
[2025-05-03 01:07:44,508: WARNING/ForkPoolWorker-7] ✅ Saved ZVRA
[2025-05-03 01:07:44,631: WARNING/ForkPoolWorker-7] ✅ Saved ZVSA
[2025-05-03 01:07:49,063: ERROR/ForkPoolWorker-7] $ZXYZ.A: possibly delisted; no price data found  (period=3mo) (Yahoo error = "No data found, symbol may be delisted")
[2025-05-03 01:07:49,067: WARNING/ForkPoolWorker-7] ✅ Saved ZVZZT
[2025-05-03 01:07:49,498: WARNING/ForkPoolWorker-7] ✅ Saved ZYBT
[2025-05-03 01:07:49,854: WARNING/ForkPoolWorker-7] ✅ Saved ZWZZT
[2025-05-03 01:07:49,869: WARNING/ForkPoolWorker-7] ✅ Saved ZXZZT
[2025-05-03 01:07:51,644: WARNING/ForkPoolWorker-7] ❌ Error processing : Empty ticker name
[2025-05-03 01:07:53,106: WARNING/ForkPoolWorker-7] ✅ Saved ZYXI
[2025-05-03 01:07:55,558: ERROR/ForkPoolWorker-7] $FILE CREATION TIME: 0331202518:01: possibly delisted; no price data found  (period=3mo) (Yahoo error = "No data found, symbol may be delisted")
[2025-05-03 01:07:55,743: WARNING/ForkPoolWorker-7] ✅ Saved ZYME
[2025-05-03 01:07:55,744: WARNING/ForkPoolWorker-7] ⏱️ Completed in 36 min 50 sec.
[2025-05-03 01:07:55,747: INFO/ForkPoolWorker-7] Task stocks.tasks.run_stock_import[ce979a15-4447-4d9e-86ac-339335093752] succeeded in 2210.727936334006s: None

worker: Warm shutdown (MainProcess)
